29-07-2019,21:26:22,14,158,0
29-07-2019,21:27:40,14,158,133
29-07-2019,21:28:22,14,158,133
29-07-2019,21:29:17,28,60,133
29-07-2019,21:30:17,14,156,133
29-07-2019,21:31:17,14,156,133
29-07-2019,21:32:17,14,156,133
29-07-2019,21:33:19,28,56,133
29-07-2019,21:34:17,28,60,133
29-07-2019,21:35:17,28,56,133
29-07-2019,21:36:19,14,156,133
29-07-2019,21:37:17,28,60,133
29-07-2019,21:38:19,28,56,133
29-07-2019,21:39:19,14,156,133
29-07-2019,21:40:19,28,55,133
29-07-2019,21:41:17,28,59,133
29-07-2019,21:42:17,28,57,133
29-07-2019,21:43:24,14,157,133
29-07-2019,21:44:17,28,59,133
29-07-2019,21:45:22,14,157,133
29-07-2019,21:46:17,14,157,133
29-07-2019,21:47:19,28,55,133
29-07-2019,21:48:17,28,58,133
29-07-2019,21:49:22,14,157,133
29-07-2019,21:50:17,14,157,133
29-07-2019,21:51:19,28,55,133
29-07-2019,21:52:17,14,157,133
29-07-2019,21:53:17,28,55,133
29-07-2019,21:54:17,28,55,133
29-07-2019,21:55:17,28,55,10
29-07-2019,21:56:17,28,55,9
29-07-2019,21:57:22,28,58,10
29-07-2019,21:58:17,14,157,10
29-07-2019,21:59:24,14,157,10
29-07-2019,22:00:17,28,59,10
29-07-2019,22:01:17,14,155,10
29-07-2019,22:02:17,14,155,10
29-07-2019,22:03:17,14,155,10
29-07-2019,22:04:17,14,156,10
29-07-2019,22:05:17,14,155,10
29-07-2019,22:06:17,14,156,10
29-07-2019,22:07:19,14,156,10
29-07-2019,22:08:22,14,157,10
29-07-2019,22:09:19,28,57,10
29-07-2019,22:10:17,14,158,10
29-07-2019,22:11:17,14,156,10
29-07-2019,22:12:17,28,56,10
29-07-2019,22:13:29,28,58,10
29-07-2019,22:14:17,28,58,11
29-07-2019,22:15:17,14,156,10
29-07-2019,22:16:17,14,156,13
29-07-2019,22:17:22,14,157,14
29-07-2019,22:18:19,14,155,14
29-07-2019,22:19:17,28,59,14
29-07-2019,22:20:22,14,157,14
29-07-2019,22:21:19,28,55,14
29-07-2019,22:22:17,14,157,14
29-07-2019,22:23:17,28,55,14
29-07-2019,22:24:19,28,55,14
29-07-2019,22:25:17,28,58,14
29-07-2019,22:26:19,28,55,14
29-07-2019,22:27:17,28,58,14
29-07-2019,22:28:19,28,55,14
29-07-2019,22:29:17,14,157,11
29-07-2019,22:30:17,28,55,10
29-07-2019,22:31:17,28,55,10
29-07-2019,22:32:17,14,155,10
29-07-2019,22:33:19,14,155,11
29-07-2019,22:34:22,14,157,10
29-07-2019,22:35:19,14,156,1
29-07-2019,22:36:22,28,60,0
29-07-2019,22:37:19,28,56,0
29-07-2019,22:38:17,28,59,0
29-07-2019,22:39:17,28,55,0
29-07-2019,22:40:22,28,59,0
29-07-2019,22:41:17,28,59,0
29-07-2019,22:42:17,28,55,0
29-07-2019,22:43:17,28,55,0
29-07-2019,22:44:17,28,55,0
29-07-2019,22:45:17,14,155,0
29-07-2019,22:46:24,28,58,0
29-07-2019,22:47:22,28,58,0
29-07-2019,22:48:27,28,58,0
29-07-2019,22:49:24,28,58,0
29-07-2019,22:50:17,28,58,0
29-07-2019,22:51:17,28,55,0
29-07-2019,22:52:17,14,155,0
29-07-2019,22:53:29,28,58,0
29-07-2019,22:54:19,14,155,0
29-07-2019,22:55:17,14,157,0
29-07-2019,22:56:17,28,55,0
29-07-2019,22:57:17,28,55,0
29-07-2019,22:58:17,14,155,0
29-07-2019,22:59:24,28,59,0
29-07-2019,23:00:22,14,157,0
29-07-2019,23:01:24,28,59,0
29-07-2019,23:02:17,28,58,0
29-07-2019,23:03:17,28,55,0
29-07-2019,23:04:24,28,59,0
29-07-2019,23:05:22,28,59,0
29-07-2019,23:06:32,28,59,0
29-07-2019,23:07:22,28,59,0
29-07-2019,23:08:19,28,55,0
29-07-2019,23:09:24,28,59,0
29-07-2019,23:10:17,28,59,0
29-07-2019,23:11:27,28,59,0
29-07-2019,23:12:27,28,59,0
29-07-2019,23:13:17,14,157,0
29-07-2019,23:14:17,14,156,0
29-07-2019,23:15:17,14,156,0
29-07-2019,23:16:19,28,55,0
29-07-2019,23:17:17,14,157,0
29-07-2019,23:18:19,28,55,0
29-07-2019,23:19:17,14,157,0
29-07-2019,23:20:19,28,56,0
29-07-2019,23:21:17,14,157,0
29-07-2019,23:22:19,14,155,0
29-07-2019,23:23:17,14,157,0
29-07-2019,23:24:22,14,157,0
29-07-2019,23:25:17,14,157,0
29-07-2019,23:26:17,28,56,0
29-07-2019,23:27:17,28,56,0
29-07-2019,23:28:19,28,56,0
29-07-2019,23:29:17,28,60,0
29-07-2019,23:30:17,28,56,0
29-07-2019,23:31:17,14,156,0
29-07-2019,23:32:22,14,158,0
29-07-2019,23:33:17,14,158,0
29-07-2019,23:34:17,28,56,0
29-07-2019,23:35:17,14,156,0
29-07-2019,23:36:29,28,60,0
29-07-2019,23:37:17,14,158,0
29-07-2019,23:38:22,28,60,0
29-07-2019,23:39:17,28,60,0
29-07-2019,23:40:17,28,56,0
29-07-2019,23:41:17,14,156,0
29-07-2019,23:42:17,28,56,0
29-07-2019,23:43:17,14,156,0
29-07-2019,23:44:17,14,156,0
29-07-2019,23:45:17,28,57,0
29-07-2019,23:46:17,28,56,0
29-07-2019,23:47:19,28,56,0
29-07-2019,23:48:17,28,60,0
29-07-2019,23:49:22,28,60,0
29-07-2019,23:50:19,28,56,0
29-07-2019,23:51:17,28,60,0
29-07-2019,23:52:22,28,60,0
29-07-2019,23:53:17,28,60,0
29-07-2019,23:54:24,14,158,0
29-07-2019,23:55:17,14,158,0
29-07-2019,23:56:24,28,60,0
29-07-2019,23:57:17,14,158,0
29-07-2019,23:58:17,28,56,0
29-07-2019,23:59:17,28,56,0
30-07-2019,00:00:19,28,56,0
30-07-2019,00:01:17,28,60,0
30-07-2019,00:02:32,28,60,0
30-07-2019,00:03:22,28,60,0
30-07-2019,00:04:17,28,60,0
30-07-2019,00:05:17,28,56,0
30-07-2019,00:06:17,28,56,0
30-07-2019,00:07:17,28,56,0
30-07-2019,00:08:17,14,156,0
30-07-2019,00:09:17,14,156,0
30-07-2019,00:10:19,14,156,0
30-07-2019,00:11:17,14,158,0
30-07-2019,00:12:17,28,57,0
30-07-2019,00:13:17,14,156,0
30-07-2019,00:14:19,28,57,0
30-07-2019,00:15:19,28,57,0
30-07-2019,00:16:17,28,61,0
30-07-2019,00:17:24,14,158,0
30-07-2019,00:18:17,14,158,0
30-07-2019,00:19:24,28,61,0
30-07-2019,00:20:17,14,158,0
30-07-2019,00:21:19,28,57,0
30-07-2019,00:22:19,28,57,0
30-07-2019,00:23:17,28,61,0
30-07-2019,00:24:17,14,156,0
30-07-2019,00:25:17,28,57,0
30-07-2019,00:26:17,28,57,0
30-07-2019,00:27:22,28,61,0
30-07-2019,00:28:17,28,61,0
30-07-2019,00:29:17,28,57,0
30-07-2019,00:30:22,28,61,0
30-07-2019,00:31:22,28,61,0
30-07-2019,00:32:17,14,158,0
30-07-2019,00:33:19,28,57,0
30-07-2019,00:34:17,28,61,0
30-07-2019,00:35:19,14,156,0
30-07-2019,00:36:19,28,57,0
30-07-2019,00:37:19,28,57,0
30-07-2019,00:38:27,28,61,0
30-07-2019,00:39:17,28,61,0
30-07-2019,00:40:17,28,57,0
30-07-2019,00:41:22,28,61,0
30-07-2019,00:42:19,28,57,0
30-07-2019,00:43:17,28,61,0
30-07-2019,00:44:22,28,62,0
30-07-2019,00:45:24,28,62,0
30-07-2019,00:46:17,28,62,0
30-07-2019,00:47:17,14,156,0
30-07-2019,00:48:19,28,57,0
30-07-2019,00:49:17,28,61,0
30-07-2019,00:50:17,14,156,0
30-07-2019,00:51:24,14,159,0
30-07-2019,00:52:17,14,159,0
30-07-2019,00:53:19,28,57,0
30-07-2019,00:54:17,28,61,0
30-07-2019,00:55:19,28,57,0
30-07-2019,00:56:19,28,57,0
30-07-2019,00:57:17,14,158,0
30-07-2019,00:58:17,14,156,0
30-07-2019,00:59:19,14,156,0
30-07-2019,01:00:17,14,158,0
30-07-2019,01:01:17,14,156,0
30-07-2019,01:02:17,14,156,0
30-07-2019,01:03:19,27,56,0
30-07-2019,01:04:17,28,62,0
30-07-2019,01:05:22,13,159,0
30-07-2019,01:06:17,13,159,0
30-07-2019,01:07:17,27,57,0
30-07-2019,01:08:17,13,157,0
30-07-2019,01:09:17,27,58,0
30-07-2019,01:10:17,27,58,0
30-07-2019,01:11:19,27,58,0
30-07-2019,01:12:17,14,159,0
30-07-2019,01:13:19,27,59,0
30-07-2019,01:14:24,27,63,0
30-07-2019,01:15:22,28,64,0
30-07-2019,01:16:17,14,159,0
30-07-2019,01:17:17,14,157,0
30-07-2019,01:18:17,27,58,0
30-07-2019,01:19:22,28,64,0
30-07-2019,01:20:19,28,59,0
30-07-2019,01:21:17,28,64,0
30-07-2019,01:22:24,14,160,0
30-07-2019,01:23:22,28,63,0
30-07-2019,01:24:19,28,60,0
30-07-2019,01:25:17,28,64,0
30-07-2019,01:26:17,28,60,0
30-07-2019,01:27:19,28,60,0
30-07-2019,01:28:17,28,64,0
30-07-2019,01:29:19,14,158,0
30-07-2019,01:30:17,14,160,0
30-07-2019,01:31:17,14,158,0
30-07-2019,01:32:17,14,158,0
30-07-2019,01:33:17,28,60,0
30-07-2019,01:34:17,14,158,0
30-07-2019,01:35:17,14,158,0
30-07-2019,01:36:17,28,60,0
30-07-2019,01:37:17,14,158,0
30-07-2019,01:38:17,28,60,0
30-07-2019,01:39:17,28,60,0
30-07-2019,01:40:17,14,158,0
30-07-2019,01:41:17,14,158,0
30-07-2019,01:42:17,14,158,0
30-07-2019,01:43:17,28,60,0
30-07-2019,01:44:22,28,64,0
30-07-2019,01:45:24,28,64,0
30-07-2019,01:46:27,28,65,0
30-07-2019,01:47:17,28,65,0
30-07-2019,01:48:24,14,160,0
30-07-2019,01:49:17,14,160,0
30-07-2019,01:50:17,28,61,0
30-07-2019,01:51:17,28,61,0
30-07-2019,01:52:17,28,61,0
30-07-2019,01:53:22,28,65,0
30-07-2019,01:54:17,28,65,0
30-07-2019,01:55:17,28,61,0
30-07-2019,01:56:19,28,61,0
30-07-2019,01:57:17,14,160,0
30-07-2019,01:58:19,28,61,0
30-07-2019,01:59:17,14,160,0
30-07-2019,02:00:17,28,61,0
30-07-2019,02:01:17,28,62,0
30-07-2019,02:02:17,14,159,0
30-07-2019,02:03:17,28,62,0
30-07-2019,02:04:19,14,159,0
30-07-2019,02:05:17,14,161,0
30-07-2019,02:06:17,28,62,0
30-07-2019,02:07:17,14,158,0
30-07-2019,02:08:17,14,158,0
30-07-2019,02:09:22,14,160,0
30-07-2019,02:10:17,14,160,0
30-07-2019,02:11:17,14,158,0
30-07-2019,02:12:17,14,158,0
30-07-2019,02:13:19,28,62,0
30-07-2019,02:14:22,28,66,0
30-07-2019,02:15:22,14,160,0
30-07-2019,02:16:17,28,66,0
30-07-2019,02:17:17,28,62,0
30-07-2019,02:18:17,14,158,0
30-07-2019,02:19:17,28,61,0
30-07-2019,02:20:17,28,62,0
30-07-2019,02:21:17,28,61,0
30-07-2019,02:22:17,14,158,0
30-07-2019,02:23:17,14,158,0
30-07-2019,02:24:19,28,61,0
30-07-2019,02:25:22,28,65,0
30-07-2019,02:26:19,14,158,0
30-07-2019,02:27:17,14,160,0
30-07-2019,02:28:17,14,158,0
30-07-2019,02:29:17,14,158,0
30-07-2019,02:30:22,28,65,0
30-07-2019,02:31:19,28,61,0
30-07-2019,02:32:17,28,65,0
30-07-2019,02:33:17,14,158,0
30-07-2019,02:34:17,14,158,0
30-07-2019,02:35:17,14,158,0
30-07-2019,02:36:17,28,61,0
30-07-2019,02:37:19,28,61,0
30-07-2019,02:38:19,14,158,0
30-07-2019,02:39:17,14,160,0
30-07-2019,02:40:17,28,61,0
30-07-2019,02:41:17,14,158,0
30-07-2019,02:42:19,14,158,0
30-07-2019,02:43:17,14,160,0
30-07-2019,02:44:22,14,160,0
30-07-2019,02:45:17,28,65,0
30-07-2019,02:46:24,28,65,0
30-07-2019,02:47:22,28,65,0
30-07-2019,02:48:17,28,65,0
30-07-2019,02:49:17,28,61,0
30-07-2019,02:50:19,28,61,0
30-07-2019,02:51:17,14,160,0
30-07-2019,02:52:17,14,158,0
30-07-2019,02:53:17,14,158,0
30-07-2019,02:54:17,14,158,0
30-07-2019,02:55:17,28,61,0
30-07-2019,02:56:24,28,65,0
30-07-2019,02:57:17,28,65,0
30-07-2019,02:58:19,14,159,0
30-07-2019,02:59:22,14,160,0
30-07-2019,03:00:19,14,159,0
30-07-2019,03:01:17,28,65,0
30-07-2019,03:02:17,14,159,0
30-07-2019,03:03:17,28,62,0
30-07-2019,03:04:17,14,159,0
30-07-2019,03:05:17,28,62,0
30-07-2019,03:06:17,28,62,0
30-07-2019,03:07:17,14,159,0
30-07-2019,03:08:19,28,62,0
30-07-2019,03:09:17,28,66,0
30-07-2019,03:10:17,28,62,0
30-07-2019,03:11:22,28,66,0
30-07-2019,03:12:17,14,161,0
30-07-2019,03:13:17,28,62,0
30-07-2019,03:14:22,28,66,0
30-07-2019,03:15:19,28,62,0
30-07-2019,03:16:19,14,159,0
30-07-2019,03:17:17,28,66,0
30-07-2019,03:18:22,28,66,0
30-07-2019,03:19:19,28,62,0
30-07-2019,03:20:17,14,161,0
30-07-2019,03:21:17,28,62,0
30-07-2019,03:22:22,28,66,0
30-07-2019,03:23:17,14,161,0
30-07-2019,03:24:19,28,62,0
30-07-2019,03:25:17,28,66,0
30-07-2019,03:26:17,14,159,0
30-07-2019,03:27:19,28,63,0
30-07-2019,03:28:19,28,63,0
30-07-2019,03:29:17,14,161,0
30-07-2019,03:30:19,28,63,0
30-07-2019,03:31:17,28,67,0
30-07-2019,03:32:19,14,159,0
30-07-2019,03:33:17,14,161,0
30-07-2019,03:34:19,28,63,0
30-07-2019,03:35:19,14,159,0
30-07-2019,03:36:17,28,67,0
30-07-2019,03:37:17,28,63,0
30-07-2019,03:38:17,28,63,0
30-07-2019,03:39:19,28,63,0
30-07-2019,03:40:17,14,161,0
30-07-2019,03:41:17,28,63,0
30-07-2019,03:42:17,28,64,0
30-07-2019,03:43:17,28,64,0
30-07-2019,03:44:19,14,160,0
30-07-2019,03:45:17,14,161,0
30-07-2019,03:46:17,14,160,0
30-07-2019,03:47:17,14,160,0
30-07-2019,03:48:17,14,160,0
30-07-2019,03:49:17,14,160,0
30-07-2019,03:50:17,14,160,0
30-07-2019,03:51:17,14,160,0
30-07-2019,03:52:22,28,68,0
30-07-2019,03:53:19,28,64,0
30-07-2019,03:54:27,28,68,0
30-07-2019,03:55:22,28,68,0
30-07-2019,03:56:19,28,64,0
30-07-2019,03:57:19,14,160,0
30-07-2019,03:58:17,14,162,0
30-07-2019,03:59:17,28,64,0
30-07-2019,04:00:19,28,64,0
30-07-2019,04:01:17,28,68,0
30-07-2019,04:02:19,28,64,0
30-07-2019,04:03:17,28,68,0
30-07-2019,04:04:22,28,67,0
30-07-2019,04:05:17,28,68,0
30-07-2019,04:06:22,28,68,0
30-07-2019,04:07:22,28,67,0
30-07-2019,04:08:17,14,161,0
30-07-2019,04:09:19,28,64,0
30-07-2019,04:10:17,28,67,0
30-07-2019,04:11:19,28,64,0
30-07-2019,04:12:17,14,161,0
30-07-2019,04:13:19,28,64,0
30-07-2019,04:14:17,28,68,0
30-07-2019,04:15:17,14,160,0
30-07-2019,04:16:17,14,160,0
30-07-2019,04:17:17,28,64,0
30-07-2019,04:18:22,28,68,0
30-07-2019,04:19:24,28,68,0
30-07-2019,04:20:22,14,161,0
30-07-2019,04:21:17,28,67,0
30-07-2019,04:22:17,28,64,0
30-07-2019,04:23:17,28,64,0
30-07-2019,04:24:29,28,68,0
30-07-2019,04:25:17,28,68,0
30-07-2019,04:26:22,28,67,0
30-07-2019,04:27:17,14,161,0
30-07-2019,04:28:17,14,160,0
30-07-2019,04:29:22,14,161,0
30-07-2019,04:30:17,14,161,0
30-07-2019,04:31:17,28,64,0
30-07-2019,04:32:22,14,161,0
30-07-2019,04:33:17,14,161,1
30-07-2019,04:34:19,28,61,0
30-07-2019,04:35:17,14,160,0
30-07-2019,04:36:17,28,61,0
30-07-2019,04:37:22,14,159,0
30-07-2019,04:38:19,14,158,0
30-07-2019,04:39:17,14,160,0
30-07-2019,04:40:19,28,59,0
30-07-2019,04:41:19,14,157,0
30-07-2019,04:42:19,14,157,0
30-07-2019,04:43:19,27,58,0
30-07-2019,04:44:32,27,63,0
30-07-2019,04:45:19,27,59,0
30-07-2019,04:46:39,27,64,0
30-07-2019,04:47:19,27,59,0
30-07-2019,04:48:17,13,160,0
30-07-2019,04:49:22,13,160,0
30-07-2019,04:50:17,27,64,0
30-07-2019,04:51:17,27,59,0
30-07-2019,04:52:24,27,64,0
30-07-2019,04:53:17,13,160,0
30-07-2019,04:54:17,27,59,0
30-07-2019,04:55:19,27,59,0
30-07-2019,04:56:19,27,59,0
30-07-2019,04:57:17,27,64,0
30-07-2019,04:58:19,27,59,0
30-07-2019,04:59:17,13,160,0
30-07-2019,05:00:17,27,59,0
30-07-2019,05:01:22,13,160,0
30-07-2019,05:02:17,27,64,0
30-07-2019,05:03:17,27,60,0
30-07-2019,05:04:34,27,65,0
30-07-2019,05:05:24,27,65,0
30-07-2019,05:06:22,13,160,0
30-07-2019,05:07:22,27,64,0
30-07-2019,05:08:22,13,160,0
30-07-2019,05:09:17,27,64,0
30-07-2019,05:10:27,13,160,0
30-07-2019,05:11:17,13,160,0
30-07-2019,05:12:19,27,59,0
30-07-2019,05:13:17,27,64,0
30-07-2019,05:14:19,27,59,0
30-07-2019,05:15:22,27,64,0
30-07-2019,05:16:17,27,65,0
30-07-2019,05:17:17,27,59,1
30-07-2019,05:18:34,27,65,1
30-07-2019,05:19:22,27,65,1
30-07-2019,05:20:17,27,64,1
30-07-2019,05:21:17,27,60,1
30-07-2019,05:22:17,13,158,1
30-07-2019,05:23:17,13,158,1
30-07-2019,05:24:17,27,60,1
30-07-2019,05:25:17,13,158,1
30-07-2019,05:26:17,13,158,2
30-07-2019,05:27:17,13,158,2
30-07-2019,05:28:17,13,158,2
30-07-2019,05:29:17,13,158,2
30-07-2019,05:30:17,13,158,2
30-07-2019,05:31:22,27,65,2
30-07-2019,05:32:22,27,66,2
30-07-2019,05:33:19,13,158,3
30-07-2019,05:34:19,27,60,3
30-07-2019,05:35:19,27,60,3
30-07-2019,05:36:24,27,66,3
30-07-2019,05:37:22,27,66,3
30-07-2019,05:38:17,27,66,4
30-07-2019,05:39:17,27,61,4
30-07-2019,05:40:24,13,161,4
30-07-2019,05:41:19,27,61,4
30-07-2019,05:42:17,27,66,4
30-07-2019,05:43:22,27,66,5
30-07-2019,05:44:17,13,161,5
30-07-2019,05:45:24,27,66,5
30-07-2019,05:46:22,27,66,13
30-07-2019,05:47:17,27,66,15
30-07-2019,05:48:19,27,59,14
30-07-2019,05:49:17,27,64,18
30-07-2019,05:50:19,27,58,18
30-07-2019,05:51:17,27,63,21
30-07-2019,05:52:17,13,157,22
30-07-2019,05:53:17,13,157,23
30-07-2019,05:54:17,27,58,20
30-07-2019,05:55:17,27,59,21
30-07-2019,05:56:24,27,62,22
30-07-2019,05:57:19,13,157,22
30-07-2019,05:58:22,27,62,138
30-07-2019,05:59:17,27,62,137
30-07-2019,06:00:29,27,63,136
30-07-2019,06:01:19,27,59,136
30-07-2019,06:02:17,27,63,135
30-07-2019,06:03:17,27,59,135
30-07-2019,06:04:24,27,64,135
30-07-2019,06:05:17,27,64,135
30-07-2019,06:06:24,27,63,135
30-07-2019,06:07:19,27,58,134
30-07-2019,06:08:17,27,63,134
30-07-2019,06:09:17,13,157,134
30-07-2019,06:10:17,13,157,134
30-07-2019,06:11:17,13,157,134
30-07-2019,06:12:19,13,157,134
30-07-2019,06:13:17,13,159,134
30-07-2019,06:14:19,13,157,134
30-07-2019,06:15:19,27,58,134
30-07-2019,06:16:19,13,157,134
30-07-2019,06:17:19,13,157,134
30-07-2019,06:18:17,27,63,134
30-07-2019,06:19:22,13,159,134
30-07-2019,06:20:19,13,157,134
30-07-2019,06:21:19,13,157,134
30-07-2019,06:22:19,28,59,134
30-07-2019,06:23:19,14,157,134
30-07-2019,06:24:17,14,159,134
30-07-2019,06:25:17,14,157,134
30-07-2019,06:26:19,14,157,134
30-07-2019,06:27:17,14,159,134
30-07-2019,06:28:17,14,157,134
30-07-2019,06:29:27,28,63,134
30-07-2019,06:30:17,28,63,134
30-07-2019,06:31:19,28,59,134
30-07-2019,06:32:17,28,63,134
30-07-2019,06:33:17,14,157,134
30-07-2019,06:34:19,28,59,134
30-07-2019,06:35:19,14,157,134
30-07-2019,06:36:17,14,159,134
30-07-2019,06:37:17,28,59,135
30-07-2019,06:38:17,14,157,134
30-07-2019,06:39:17,14,157,134
30-07-2019,06:40:17,28,59,134
30-07-2019,06:41:19,14,157,134
30-07-2019,06:42:22,28,63,134
30-07-2019,06:43:22,28,62,134
30-07-2019,06:44:39,28,62,134
30-07-2019,06:45:19,28,58,134
30-07-2019,06:46:27,14,159,134
30-07-2019,06:47:17,14,159,134
30-07-2019,06:48:17,28,58,134
30-07-2019,06:49:19,28,58,134
30-07-2019,06:50:17,28,61,134
30-07-2019,06:51:17,28,57,134
30-07-2019,06:52:22,28,62,134
30-07-2019,06:53:19,28,58,134
30-07-2019,06:54:17,28,62,135
30-07-2019,06:55:17,28,58,135
30-07-2019,06:56:17,28,59,134
30-07-2019,06:57:27,28,64,19
30-07-2019,06:58:17,28,64,20
30-07-2019,06:59:19,28,59,20
30-07-2019,07:00:17,14,159,21
30-07-2019,07:01:24,28,62,21
30-07-2019,07:02:27,14,159,22
30-07-2019,07:03:17,28,62,22
30-07-2019,07:04:24,14,159,22
30-07-2019,07:05:17,14,159,22
30-07-2019,07:06:19,14,157,23
30-07-2019,07:07:22,28,61,23
30-07-2019,07:08:19,28,58,23
30-07-2019,07:09:17,28,61,24
30-07-2019,07:10:17,14,157,24
30-07-2019,07:11:17,14,157,24
30-07-2019,07:12:17,14,157,25
30-07-2019,07:13:17,14,157,25
30-07-2019,07:14:19,14,157,25
30-07-2019,07:15:22,28,61,26
30-07-2019,07:16:19,28,58,26
30-07-2019,07:17:19,14,157,27
30-07-2019,07:18:22,28,61,27
30-07-2019,07:19:19,14,157,28
30-07-2019,07:20:19,28,58,28
30-07-2019,07:21:19,14,157,28
30-07-2019,07:22:17,14,158,29
30-07-2019,07:23:22,28,61,29
30-07-2019,07:24:34,14,159,29
30-07-2019,07:25:17,28,62,29
30-07-2019,07:26:17,14,157,30
30-07-2019,07:27:17,14,157,30
30-07-2019,07:28:17,14,157,30
30-07-2019,07:29:19,14,157,30
30-07-2019,07:30:19,28,58,31
30-07-2019,07:31:17,28,62,31
30-07-2019,07:32:17,14,157,32
30-07-2019,07:33:19,14,157,32
30-07-2019,07:34:19,28,58,33
30-07-2019,07:35:17,28,61,34
30-07-2019,07:36:19,28,57,34
30-07-2019,07:37:17,28,61,35
30-07-2019,07:38:19,28,58,35
30-07-2019,07:39:17,14,159,36
30-07-2019,07:40:47,14,159,37
30-07-2019,07:41:17,28,61,37
30-07-2019,07:42:19,14,157,37
30-07-2019,07:43:19,28,58,37
30-07-2019,07:44:22,28,62,37
30-07-2019,07:45:17,28,61,37
30-07-2019,07:46:22,14,159,38
30-07-2019,07:47:19,28,58,38
30-07-2019,07:48:19,28,58,38
30-07-2019,07:49:27,28,62,39
30-07-2019,07:50:17,28,62,39
30-07-2019,07:51:17,28,58,39
30-07-2019,07:52:17,14,157,40
30-07-2019,07:53:17,28,58,40
30-07-2019,07:54:19,14,156,41
30-07-2019,07:55:17,14,158,42
30-07-2019,07:56:27,28,62,42
30-07-2019,07:57:19,14,157,43
30-07-2019,07:58:17,28,62,43
30-07-2019,07:59:17,14,157,43
30-07-2019,08:00:24,28,62,43
30-07-2019,08:01:17,14,159,43
30-07-2019,08:02:19,14,157,43
30-07-2019,08:03:19,14,157,44
30-07-2019,08:04:17,28,62,44
30-07-2019,08:05:17,14,157,44
30-07-2019,08:06:17,28,58,44
30-07-2019,08:07:17,14,157,44
30-07-2019,08:08:22,14,158,44
30-07-2019,08:09:17,28,61,45
30-07-2019,08:10:17,14,156,45
30-07-2019,08:11:24,28,62,46
30-07-2019,08:12:17,14,158,46
30-07-2019,08:13:17,28,58,47
30-07-2019,08:14:19,28,58,47
30-07-2019,08:15:17,14,159,48
30-07-2019,08:16:29,28,62,48
30-07-2019,08:17:17,14,158,48
30-07-2019,08:18:17,14,156,48
30-07-2019,08:19:22,14,158,49
30-07-2019,08:20:17,14,158,49
30-07-2019,08:21:17,28,58,49
30-07-2019,08:22:17,14,157,49
30-07-2019,08:23:19,28,57,50
30-07-2019,08:24:17,14,158,50
30-07-2019,08:25:17,14,156,50
30-07-2019,08:26:17,28,57,50
30-07-2019,08:27:17,14,156,50
30-07-2019,08:28:17,28,57,51
30-07-2019,08:29:17,28,57,51
30-07-2019,08:30:17,28,57,51
30-07-2019,08:31:17,14,156,50
30-07-2019,08:32:17,14,156,50
30-07-2019,08:33:17,14,156,50
30-07-2019,08:34:17,14,156,50
30-07-2019,08:35:17,28,57,51
30-07-2019,08:36:22,14,158,51
30-07-2019,08:37:17,14,158,52
30-07-2019,08:38:17,28,57,53
30-07-2019,08:39:17,14,156,54
30-07-2019,08:40:17,28,57,55
30-07-2019,08:41:17,28,57,55
30-07-2019,08:42:17,14,156,56
30-07-2019,08:43:17,14,156,56
30-07-2019,08:44:22,14,158,57
30-07-2019,08:45:17,28,61,57
30-07-2019,08:46:17,14,156,58
30-07-2019,08:47:17,14,156,58
30-07-2019,08:48:17,28,57,59
30-07-2019,08:49:17,14,156,60
30-07-2019,08:50:17,14,156,60
30-07-2019,08:51:17,28,57,61
30-07-2019,08:52:17,28,57,61
30-07-2019,08:53:22,14,158,62
30-07-2019,08:54:17,28,61,62
30-07-2019,08:55:17,28,57,63
30-07-2019,08:56:19,28,57,64
30-07-2019,08:57:17,28,61,66
30-07-2019,08:58:17,14,156,66
30-07-2019,08:59:17,28,57,66
30-07-2019,09:00:17,14,156,66
30-07-2019,09:01:17,14,156,67
30-07-2019,09:02:17,28,57,66
30-07-2019,09:03:17,28,57,66
30-07-2019,09:04:17,14,156,67
30-07-2019,09:05:17,14,156,67
30-07-2019,09:06:17,14,156,68
30-07-2019,09:07:17,14,156,70
30-07-2019,09:08:17,28,57,69
30-07-2019,09:09:17,14,156,68
30-07-2019,09:10:17,28,57,68
30-07-2019,09:11:17,28,57,67
30-07-2019,09:12:17,28,57,66
30-07-2019,09:13:27,28,61,65
30-07-2019,09:14:17,14,158,64
30-07-2019,09:15:27,28,61,65
30-07-2019,09:16:17,28,61,65
30-07-2019,09:17:17,28,57,65
30-07-2019,09:18:17,28,57,66
30-07-2019,09:19:17,28,57,66
30-07-2019,09:20:17,28,57,66
30-07-2019,09:21:17,14,156,66
30-07-2019,09:22:19,28,57,67
30-07-2019,09:23:17,14,158,67
30-07-2019,09:24:17,14,156,68
30-07-2019,09:25:17,28,57,70
30-07-2019,09:26:17,14,156,73
30-07-2019,09:27:17,14,156,73
30-07-2019,09:28:17,14,156,73
30-07-2019,09:29:17,14,156,73
30-07-2019,09:30:17,28,57,72
30-07-2019,09:31:17,28,57,72
30-07-2019,09:32:17,28,57,72
30-07-2019,09:33:17,14,156,72
30-07-2019,09:34:17,28,57,72
30-07-2019,09:35:17,14,156,72
30-07-2019,09:36:17,14,156,72
30-07-2019,09:37:17,28,57,71
30-07-2019,09:38:17,14,156,71
30-07-2019,09:39:17,14,156,71
30-07-2019,09:40:17,14,156,71
30-07-2019,09:41:17,14,156,72
30-07-2019,09:42:17,28,57,73
30-07-2019,09:43:17,14,156,73
30-07-2019,09:44:17,14,156,74
30-07-2019,09:45:17,28,56,73
30-07-2019,09:46:17,28,56,73
30-07-2019,09:47:17,14,156,73
30-07-2019,09:48:19,28,57,72
30-07-2019,09:49:19,14,156,71
30-07-2019,09:50:22,28,60,70
30-07-2019,09:51:22,14,158,69
30-07-2019,09:52:17,28,60,68
30-07-2019,09:53:17,28,56,68
30-07-2019,09:54:19,14,156,68
30-07-2019,09:55:19,28,57,68
30-07-2019,09:56:19,14,156,68
30-07-2019,09:57:17,28,61,67
30-07-2019,09:58:22,14,158,66
30-07-2019,09:59:17,14,158,66
30-07-2019,10:00:17,28,57,65
30-07-2019,10:01:17,28,57,64
30-07-2019,10:02:17,28,57,64
30-07-2019,10:03:27,14,158,65
30-07-2019,10:04:17,14,158,66
30-07-2019,10:05:17,28,56,67
30-07-2019,10:06:17,14,156,69
30-07-2019,10:07:17,28,56,69
30-07-2019,10:08:19,14,156,70
30-07-2019,10:09:17,28,60,71
30-07-2019,10:10:19,28,56,72
30-07-2019,10:11:17,14,158,72
30-07-2019,10:12:17,14,156,71
30-07-2019,10:13:19,14,156,71
30-07-2019,10:14:19,14,156,71
30-07-2019,10:15:22,28,60,72
30-07-2019,10:16:17,28,60,73
30-07-2019,10:17:19,14,156,74
30-07-2019,10:18:17,28,60,75
30-07-2019,10:19:17,14,156,75
30-07-2019,10:20:17,14,156,75
30-07-2019,10:21:17,14,156,76
30-07-2019,10:22:19,14,156,77
30-07-2019,10:23:32,28,60,77
30-07-2019,10:24:17,14,158,77
30-07-2019,10:25:19,14,156,77
30-07-2019,10:26:19,28,56,78
30-07-2019,10:27:17,28,60,78
30-07-2019,10:28:17,14,156,78
30-07-2019,10:29:17,14,156,79
30-07-2019,10:30:19,28,56,79
30-07-2019,10:31:22,14,158,80
30-07-2019,10:32:17,14,158,83
30-07-2019,10:33:17,14,156,82
30-07-2019,10:34:17,28,56,82
30-07-2019,10:35:17,14,156,84
30-07-2019,10:36:27,14,157,81
30-07-2019,10:37:22,14,157,80
30-07-2019,10:38:17,14,157,82
30-07-2019,10:39:17,14,156,84
30-07-2019,10:40:19,14,156,80
30-07-2019,10:41:19,28,56,80
30-07-2019,10:42:17,28,59,80
30-07-2019,10:43:17,14,156,78
30-07-2019,10:44:17,28,56,77
30-07-2019,10:45:19,14,156,73
30-07-2019,10:46:22,28,59,71
30-07-2019,10:47:19,28,55,76
30-07-2019,10:48:24,28,59,74
30-07-2019,10:49:19,14,156,75
30-07-2019,10:50:19,28,55,75
30-07-2019,10:51:19,14,156,77
30-07-2019,10:52:17,28,60,74
30-07-2019,10:53:17,28,56,73
30-07-2019,10:54:17,28,56,73
30-07-2019,10:55:17,14,156,81
30-07-2019,10:56:24,14,157,84
30-07-2019,10:57:19,28,56,83
30-07-2019,10:58:17,14,157,80
30-07-2019,10:59:22,14,157,68
30-07-2019,11:00:17,14,157,64
30-07-2019,11:01:17,28,56,63
30-07-2019,11:02:19,14,156,63
30-07-2019,11:03:24,14,157,64
30-07-2019,11:04:17,28,59,65
30-07-2019,11:05:22,28,59,67
30-07-2019,11:06:19,28,55,68
30-07-2019,11:07:17,28,59,68
30-07-2019,11:08:22,28,59,69
30-07-2019,11:09:22,28,59,68
30-07-2019,11:10:27,28,59,66
30-07-2019,11:11:22,28,59,67
30-07-2019,11:12:22,28,59,69
30-07-2019,11:13:37,28,59,73
30-07-2019,11:14:24,28,59,71
30-07-2019,11:15:17,28,59,70
30-07-2019,11:16:17,28,55,72
30-07-2019,11:17:17,14,155,80
30-07-2019,11:18:22,14,157,68
30-07-2019,11:19:22,14,157,67
30-07-2019,11:20:17,28,59,65
30-07-2019,11:21:17,28,55,63
30-07-2019,11:22:17,14,155,63
30-07-2019,11:23:17,28,56,64
30-07-2019,11:24:17,14,156,65
30-07-2019,11:25:22,28,59,68
30-07-2019,11:26:17,14,157,71
30-07-2019,11:27:19,28,55,73
30-07-2019,11:28:22,14,157,75
30-07-2019,11:29:22,28,59,77
30-07-2019,11:30:17,28,59,78
30-07-2019,11:31:17,14,155,80
30-07-2019,11:32:17,28,55,80
30-07-2019,11:33:17,14,155,80
30-07-2019,11:34:27,28,58,84
30-07-2019,11:35:19,14,155,82
30-07-2019,11:36:19,28,55,88
30-07-2019,11:37:22,28,58,90
30-07-2019,11:38:17,28,58,88
30-07-2019,11:39:19,14,155,81
30-07-2019,11:40:17,14,157,89
30-07-2019,11:41:19,14,155,77
30-07-2019,11:42:22,14,157,86
30-07-2019,11:43:19,14,155,80
30-07-2019,11:44:17,28,59,78
30-07-2019,11:45:19,14,155,72
30-07-2019,11:46:19,28,55,71
30-07-2019,11:47:17,14,157,70
30-07-2019,11:48:17,14,155,71
30-07-2019,11:49:17,14,155,71
30-07-2019,11:50:22,28,58,69
30-07-2019,11:51:17,28,58,68
30-07-2019,11:52:24,14,157,67
30-07-2019,11:53:17,14,157,66
30-07-2019,11:54:22,28,59,67
30-07-2019,11:55:17,14,157,67
30-07-2019,11:56:17,14,155,67
30-07-2019,11:57:24,14,157,67
30-07-2019,11:58:17,14,157,67
30-07-2019,11:59:19,14,155,67
30-07-2019,12:00:17,28,59,66
30-07-2019,12:01:17,14,155,66
30-07-2019,12:02:19,28,55,66
30-07-2019,12:03:19,14,155,66
30-07-2019,12:04:17,14,157,65
30-07-2019,12:05:17,14,155,64
30-07-2019,12:06:17,14,155,63
30-07-2019,12:07:19,14,155,62
30-07-2019,12:08:17,28,58,61
30-07-2019,12:09:17,28,55,60
30-07-2019,12:10:17,28,55,59
30-07-2019,12:11:17,14,155,58
30-07-2019,12:12:17,14,155,57
30-07-2019,12:13:19,14,155,56
30-07-2019,12:14:19,14,155,56
30-07-2019,12:15:17,14,157,57
30-07-2019,12:16:17,14,155,59
30-07-2019,12:17:17,14,155,61
30-07-2019,12:18:17,14,155,62
30-07-2019,12:19:19,14,155,64
30-07-2019,12:20:19,14,155,66
30-07-2019,12:21:19,28,55,68
30-07-2019,12:22:19,14,155,69
30-07-2019,12:23:17,28,58,70
30-07-2019,12:24:17,14,155,73
30-07-2019,12:25:22,28,59,76
30-07-2019,12:26:19,28,55,81
30-07-2019,12:27:22,28,59,95
30-07-2019,12:28:22,28,58,97
30-07-2019,12:29:17,28,58,115
30-07-2019,12:30:17,28,55,117
30-07-2019,12:31:17,14,155,118
30-07-2019,12:32:17,28,54,120
30-07-2019,12:33:17,14,155,122
30-07-2019,12:34:17,14,155,122
30-07-2019,12:35:17,28,54,122
30-07-2019,12:36:19,14,155,122
30-07-2019,12:37:17,14,157,123
30-07-2019,12:38:17,14,155,123
30-07-2019,12:39:17,14,155,123
30-07-2019,12:40:17,14,155,123
30-07-2019,12:41:17,14,155,122
30-07-2019,12:42:17,14,155,121
30-07-2019,12:43:17,14,155,84
30-07-2019,12:44:34,28,58,111
30-07-2019,12:45:34,28,58,91
30-07-2019,12:46:17,14,157,121
30-07-2019,12:47:17,28,54,112
30-07-2019,12:48:17,14,155,78
30-07-2019,12:49:19,14,155,87
30-07-2019,12:50:17,28,58,83
30-07-2019,12:51:17,28,54,101
30-07-2019,12:52:19,14,155,112
30-07-2019,12:53:19,28,55,75
30-07-2019,12:54:22,14,157,73
30-07-2019,12:55:17,14,157,73
30-07-2019,12:56:17,28,55,73
30-07-2019,12:57:22,14,157,74
30-07-2019,12:58:17,14,157,74
30-07-2019,12:59:17,14,155,76
30-07-2019,13:00:17,28,55,77
30-07-2019,13:01:17,28,55,79
30-07-2019,13:02:17,14,155,81
30-07-2019,13:03:17,14,155,84
30-07-2019,13:04:17,28,55,92
30-07-2019,13:05:17,14,155,104
30-07-2019,13:06:17,14,155,106
30-07-2019,13:07:17,14,155,93
30-07-2019,13:08:17,28,55,94
30-07-2019,13:09:17,28,54,85
30-07-2019,13:10:17,14,155,91
30-07-2019,13:11:17,14,155,118
30-07-2019,13:12:17,14,155,102
30-07-2019,13:13:19,28,55,92
30-07-2019,13:14:17,28,58,97
30-07-2019,13:15:22,14,157,122
30-07-2019,13:16:17,28,58,108
30-07-2019,13:17:22,28,58,94
30-07-2019,13:18:17,28,58,104
30-07-2019,13:19:17,28,54,102
30-07-2019,13:20:17,14,155,89
30-07-2019,13:21:17,28,54,89
30-07-2019,13:22:22,14,156,98
30-07-2019,13:23:17,28,57,100
30-07-2019,13:24:17,28,54,99
30-07-2019,13:25:17,14,155,103
30-07-2019,13:26:17,14,155,91
30-07-2019,13:27:17,14,155,83
30-07-2019,13:28:19,14,155,83
30-07-2019,13:29:17,14,157,77
30-07-2019,13:30:22,14,157,75
30-07-2019,13:31:17,28,58,72
30-07-2019,13:32:17,14,155,70
30-07-2019,13:33:19,28,54,70
30-07-2019,13:34:17,14,157,70
30-07-2019,13:35:17,28,55,72
30-07-2019,13:36:19,14,155,74
30-07-2019,13:37:17,28,58,76
30-07-2019,13:38:17,14,155,77
30-07-2019,13:39:17,14,155,78
30-07-2019,13:40:17,28,55,79
30-07-2019,13:41:17,28,55,81
30-07-2019,13:42:22,14,157,83
30-07-2019,13:43:17,14,157,84
30-07-2019,13:44:17,28,55,86
30-07-2019,13:45:19,28,54,87
30-07-2019,13:46:17,28,58,98
30-07-2019,13:47:17,14,155,92
30-07-2019,13:48:19,14,155,88
30-07-2019,13:49:17,14,157,87
30-07-2019,13:50:17,28,55,88
30-07-2019,13:51:17,14,155,89
30-07-2019,13:52:17,14,155,88
30-07-2019,13:53:17,14,155,90
30-07-2019,13:54:17,14,155,88
30-07-2019,13:55:17,28,54,87
30-07-2019,13:56:17,28,54,86
30-07-2019,13:57:17,14,155,84
30-07-2019,13:58:19,28,55,82
30-07-2019,13:59:17,28,58,80
30-07-2019,14:00:22,14,157,78
30-07-2019,14:01:17,14,157,77
30-07-2019,14:02:19,14,155,76
30-07-2019,14:03:17,28,58,74
30-07-2019,14:04:17,28,55,74
30-07-2019,14:05:17,28,54,73
30-07-2019,14:06:22,28,58,73
30-07-2019,14:07:24,28,58,73
30-07-2019,14:08:19,28,54,73
30-07-2019,14:09:17,28,58,73
30-07-2019,14:10:17,14,155,72
30-07-2019,14:11:17,14,155,72
30-07-2019,14:12:17,14,155,71
30-07-2019,14:13:17,28,54,71
30-07-2019,14:14:19,28,54,70
30-07-2019,14:15:19,28,55,70
30-07-2019,14:16:19,14,155,70
30-07-2019,14:17:17,28,58,69
30-07-2019,14:18:17,14,155,69
30-07-2019,14:19:19,14,155,69
30-07-2019,14:20:19,14,155,70
30-07-2019,14:21:17,28,58,70
30-07-2019,14:22:17,28,54,71
30-07-2019,14:23:17,28,54,72
30-07-2019,14:24:17,14,155,73
30-07-2019,14:25:17,28,54,75
30-07-2019,14:26:17,14,155,76
30-07-2019,14:27:17,28,54,77
30-07-2019,14:28:22,28,58,78
30-07-2019,14:29:17,28,58,79
30-07-2019,14:30:17,28,54,80
30-07-2019,14:31:17,28,54,80
30-07-2019,14:32:17,28,54,80
30-07-2019,14:33:17,28,54,80
30-07-2019,14:34:17,28,54,79
30-07-2019,14:35:17,28,54,79
30-07-2019,14:36:17,28,54,78
30-07-2019,14:37:17,28,54,77
30-07-2019,14:38:17,14,155,77
30-07-2019,14:39:17,14,155,76
30-07-2019,14:40:17,28,54,75
30-07-2019,14:41:19,28,54,75
30-07-2019,14:42:17,28,58,75
30-07-2019,14:43:19,14,155,75
30-07-2019,14:44:17,14,157,75
30-07-2019,14:45:17,28,54,75
30-07-2019,14:46:17,14,155,76
30-07-2019,14:47:19,28,55,76
30-07-2019,14:48:17,28,58,77
30-07-2019,14:49:22,28,58,78
30-07-2019,14:50:17,28,58,78
30-07-2019,14:51:19,14,155,79
30-07-2019,14:52:17,14,157,80
30-07-2019,14:53:17,28,55,82
30-07-2019,14:54:19,14,155,83
30-07-2019,14:55:17,14,157,84
30-07-2019,14:56:19,28,54,86
30-07-2019,14:57:17,14,157,88
30-07-2019,14:58:17,28,55,89
30-07-2019,14:59:17,14,155,90
30-07-2019,15:00:22,14,157,92
30-07-2019,15:01:17,14,157,93
30-07-2019,15:02:19,14,155,93
30-07-2019,15:03:17,14,157,94
30-07-2019,15:04:19,28,54,96
30-07-2019,15:05:17,14,157,96
30-07-2019,15:06:17,28,54,97
30-07-2019,15:07:17,14,155,97
30-07-2019,15:08:17,14,155,97
30-07-2019,15:09:17,28,55,98
30-07-2019,15:10:22,28,58,98
30-07-2019,15:11:17,14,157,101
30-07-2019,15:12:22,14,157,104
30-07-2019,15:13:17,14,157,105
30-07-2019,15:14:22,28,58,104
30-07-2019,15:15:17,14,157,105
30-07-2019,15:16:17,14,155,105
30-07-2019,15:17:17,28,55,107
30-07-2019,15:18:22,14,157,121
30-07-2019,15:19:17,14,157,101
30-07-2019,15:20:17,14,155,101
30-07-2019,15:21:17,28,54,99
30-07-2019,15:22:17,28,54,114
30-07-2019,15:23:17,28,54,102
30-07-2019,15:24:17,28,54,91
30-07-2019,15:25:19,14,155,85
30-07-2019,15:26:17,14,157,83
30-07-2019,15:27:17,28,54,82
30-07-2019,15:28:19,28,54,83
30-07-2019,15:29:17,14,157,84
30-07-2019,15:30:22,28,58,85
30-07-2019,15:31:19,14,155,85
30-07-2019,15:32:17,28,58,84
30-07-2019,15:33:17,14,155,84
30-07-2019,15:34:17,14,155,83
30-07-2019,15:35:17,14,155,82
30-07-2019,15:36:17,14,155,82
30-07-2019,15:37:17,14,155,83
30-07-2019,15:38:17,14,155,83
30-07-2019,15:39:17,14,155,82
30-07-2019,15:40:17,14,155,81
30-07-2019,15:41:17,14,155,80
30-07-2019,15:42:17,28,54,79
30-07-2019,15:43:17,14,155,78
30-07-2019,15:44:22,28,59,76
30-07-2019,15:45:29,28,59,74
30-07-2019,15:46:19,14,155,73
30-07-2019,15:47:19,28,55,72
30-07-2019,15:48:17,14,157,71
30-07-2019,15:49:17,28,55,71
30-07-2019,15:50:19,14,155,70
30-07-2019,15:51:17,28,58,69
30-07-2019,15:52:24,14,157,69
30-07-2019,15:53:17,14,157,68
30-07-2019,15:54:17,14,155,68
30-07-2019,15:55:17,14,155,67
30-07-2019,15:56:17,28,54,66
30-07-2019,15:57:17,28,54,66
30-07-2019,15:58:17,14,155,65
30-07-2019,15:59:17,14,155,65
30-07-2019,16:00:17,14,155,66
30-07-2019,16:01:17,28,54,67
30-07-2019,16:02:17,14,155,67
30-07-2019,16:03:17,14,155,67
30-07-2019,16:04:17,14,155,66
30-07-2019,16:05:17,28,54,66
30-07-2019,16:06:17,14,155,65
30-07-2019,16:07:17,14,155,64
30-07-2019,16:08:17,14,155,64
30-07-2019,16:09:17,28,54,63
30-07-2019,16:10:17,28,54,62
30-07-2019,16:11:17,14,155,62
30-07-2019,16:12:17,14,155,60
30-07-2019,16:13:17,28,54,60
30-07-2019,16:14:17,14,155,60
30-07-2019,16:15:17,14,155,60
30-07-2019,16:16:22,28,57,60
30-07-2019,16:17:19,14,155,60
30-07-2019,16:18:17,14,157,61
30-07-2019,16:19:17,14,155,61
30-07-2019,16:20:17,14,155,60
30-07-2019,16:21:17,14,155,61
30-07-2019,16:22:19,28,54,61
30-07-2019,16:23:17,14,157,61
30-07-2019,16:24:17,14,155,61
30-07-2019,16:25:17,14,155,61
30-07-2019,16:26:17,14,155,62
30-07-2019,16:27:17,28,54,63
30-07-2019,16:28:17,14,155,63
30-07-2019,16:29:17,14,155,64
30-07-2019,16:30:17,14,155,66
30-07-2019,16:31:17,28,54,67
30-07-2019,16:32:17,14,155,69
30-07-2019,16:33:19,28,54,71
30-07-2019,16:34:17,14,156,72
30-07-2019,16:35:22,14,156,72
30-07-2019,16:36:17,14,156,72
30-07-2019,16:37:17,14,154,72
30-07-2019,16:38:19,28,54,72
30-07-2019,16:39:17,28,57,72
30-07-2019,16:40:17,14,155,73
30-07-2019,16:41:19,28,54,73
30-07-2019,16:42:17,14,157,74
30-07-2019,16:43:17,14,155,75
30-07-2019,16:44:19,28,57,74
30-07-2019,16:45:17,28,60,74
30-07-2019,16:46:19,28,58,74
30-07-2019,16:47:17,28,62,73
30-07-2019,16:48:17,28,58,72
30-07-2019,16:49:17,28,59,71
30-07-2019,16:50:19,28,59,70
30-07-2019,16:51:22,28,63,69
30-07-2019,16:52:22,28,63,68
30-07-2019,16:53:19,28,59,69
30-07-2019,16:54:17,14,159,67
30-07-2019,16:55:17,28,58,67
30-07-2019,16:56:19,28,58,68
30-07-2019,16:57:17,14,159,69
30-07-2019,16:58:17,28,58,71
30-07-2019,16:59:17,14,157,71
30-07-2019,17:00:22,28,61,73
30-07-2019,17:01:17,14,159,73
30-07-2019,17:02:17,14,157,74
30-07-2019,17:03:22,14,159,74
30-07-2019,17:04:17,29,62,74
30-07-2019,17:05:17,14,157,74
30-07-2019,17:06:17,28,57,75
30-07-2019,17:07:17,14,157,75
30-07-2019,17:08:17,28,57,75
30-07-2019,17:09:17,14,157,75
30-07-2019,17:10:19,29,58,76
30-07-2019,17:11:17,29,61,77
30-07-2019,17:12:19,29,57,78
30-07-2019,17:13:17,14,158,78
30-07-2019,17:14:19,29,57,79
30-07-2019,17:15:19,29,58,80
30-07-2019,17:16:19,14,157,80
30-07-2019,17:17:19,29,58,81
30-07-2019,17:18:19,29,58,82
30-07-2019,17:19:22,14,158,83
30-07-2019,17:20:17,14,158,84
30-07-2019,17:21:22,28,60,86
30-07-2019,17:22:19,29,58,87
30-07-2019,17:23:19,29,57,90
30-07-2019,17:24:17,29,60,93
30-07-2019,17:25:17,29,57,97
30-07-2019,17:26:22,29,60,104
30-07-2019,17:27:22,29,60,109
30-07-2019,17:28:17,29,60,101
30-07-2019,17:29:19,14,156,101
30-07-2019,17:30:17,29,59,98
30-07-2019,17:31:17,29,56,97
30-07-2019,17:32:17,29,56,96
30-07-2019,17:33:19,29,56,94
30-07-2019,17:34:19,14,156,94
30-07-2019,17:35:17,29,58,91
30-07-2019,17:36:19,29,56,95
30-07-2019,17:37:19,14,156,93
30-07-2019,17:38:17,14,157,89
30-07-2019,17:39:29,29,58,100
30-07-2019,17:40:17,29,58,99
30-07-2019,17:41:24,14,157,95
30-07-2019,17:42:19,29,56,92
30-07-2019,17:43:17,29,58,99
30-07-2019,17:44:17,14,156,100
30-07-2019,17:45:17,14,156,100
30-07-2019,17:46:17,29,56,102
30-07-2019,17:47:17,29,56,102
30-07-2019,17:48:22,29,58,102
30-07-2019,17:49:17,14,157,94
30-07-2019,17:50:34,14,157,98
30-07-2019,17:51:17,14,157,99
30-07-2019,17:52:19,14,156,99
30-07-2019,17:53:17,14,157,84
30-07-2019,17:54:17,29,56,83
30-07-2019,17:55:22,29,58,85
30-07-2019,17:56:17,14,157,87
30-07-2019,17:57:22,29,58,92
30-07-2019,17:58:17,14,157,96
30-07-2019,17:59:17,29,55,97
30-07-2019,18:00:29,29,58,97
30-07-2019,18:01:19,29,55,92
30-07-2019,18:02:17,14,157,90
30-07-2019,18:03:17,29,55,98
30-07-2019,18:04:17,14,156,97
30-07-2019,18:05:17,29,55,97
30-07-2019,18:06:22,14,157,96
30-07-2019,18:07:17,29,58,96
30-07-2019,18:08:22,29,57,95
30-07-2019,18:09:17,29,57,95
30-07-2019,18:10:22,29,57,96
30-07-2019,18:11:19,29,55,96
30-07-2019,18:12:22,14,157,96
30-07-2019,18:13:17,29,58,95
30-07-2019,18:14:17,14,156,95
30-07-2019,18:15:19,29,55,93
30-07-2019,18:16:17,14,157,93
30-07-2019,18:17:19,29,55,92
30-07-2019,18:18:22,29,58,93
30-07-2019,18:19:17,29,58,94
30-07-2019,18:20:17,14,156,94
30-07-2019,18:21:17,14,156,93
30-07-2019,18:22:19,29,55,91
30-07-2019,18:23:17,29,57,90
30-07-2019,18:24:17,29,55,91
30-07-2019,18:25:17,29,55,80
30-07-2019,18:26:19,29,55,80
30-07-2019,18:27:22,14,157,84
30-07-2019,18:28:17,29,58,83
30-07-2019,18:29:22,29,58,83
30-07-2019,18:30:22,29,58,77
30-07-2019,18:31:19,14,156,104
30-07-2019,18:32:17,14,157,105
30-07-2019,18:33:17,29,55,106
30-07-2019,18:34:17,29,55,106
30-07-2019,18:35:17,29,53,113
30-07-2019,18:36:17,29,53,123
30-07-2019,18:37:19,29,52,123
30-07-2019,18:38:19,29,52,123
30-07-2019,18:39:17,29,54,123
30-07-2019,18:40:17,14,154,122
30-07-2019,18:41:17,29,52,121
30-07-2019,18:42:17,29,53,108
30-07-2019,18:43:19,29,53,110
30-07-2019,18:44:17,29,55,118
30-07-2019,18:45:19,29,53,111
30-07-2019,18:46:17,29,55,110
30-07-2019,18:47:17,29,52,117
30-07-2019,18:48:22,14,155,115
30-07-2019,18:49:17,14,155,117
30-07-2019,18:50:24,29,53,116
30-07-2019,18:51:22,29,53,115
30-07-2019,18:52:19,14,153,115
30-07-2019,18:53:19,14,153,114
30-07-2019,18:54:17,29,52,114
30-07-2019,18:55:19,29,52,113
30-07-2019,18:56:17,14,155,112
30-07-2019,18:57:17,30,51,111
30-07-2019,18:58:17,29,51,111
30-07-2019,19:01:17,15,154,108
30-07-2019,19:02:24,15,154,107
30-07-2019,19:03:17,15,154,107
30-07-2019,19:04:19,30,50,105
30-07-2019,19:05:17,15,154,104
30-07-2019,19:06:22,30,51,104
30-07-2019,19:07:19,15,152,103
30-07-2019,19:08:17,15,153,103
30-07-2019,19:09:17,15,152,102
30-07-2019,19:10:17,30,48,101
30-07-2019,19:11:17,30,48,101
30-07-2019,19:12:19,30,48,100
30-07-2019,19:13:17,30,50,99
30-07-2019,19:14:17,30,48,100
30-07-2019,19:15:27,15,153,99
30-07-2019,19:16:19,30,49,99
30-07-2019,19:17:19,15,152,98
30-07-2019,19:18:17,30,50,97
30-07-2019,19:19:17,15,152,97
30-07-2019,19:20:17,30,49,97
30-07-2019,19:21:17,30,48,97
30-07-2019,19:22:17,30,48,96
30-07-2019,19:23:17,30,49,97
30-07-2019,19:24:17,30,48,96
30-07-2019,19:25:17,30,49,96
30-07-2019,19:26:19,30,48,96
30-07-2019,19:27:19,15,152,95
30-07-2019,19:28:29,30,50,95
30-07-2019,19:29:17,30,50,95
30-07-2019,19:30:17,30,48,94
30-07-2019,19:31:19,15,152,94
30-07-2019,19:32:17,30,50,93
30-07-2019,19:33:17,15,152,92
30-07-2019,19:34:17,30,49,91
30-07-2019,19:35:17,15,152,89
30-07-2019,19:36:19,15,152,89
30-07-2019,19:37:17,15,153,89
30-07-2019,19:38:17,15,152,87
30-07-2019,19:39:17,30,48,87
30-07-2019,19:40:17,30,48,85
30-07-2019,19:41:19,30,48,84
30-07-2019,19:42:17,30,50,83
30-07-2019,19:43:17,30,47,82
30-07-2019,19:44:19,30,47,81
30-07-2019,19:45:19,30,47,79
30-07-2019,19:46:17,30,49,78
30-07-2019,19:47:17,30,48,78
30-07-2019,19:48:17,30,47,78
30-07-2019,19:49:17,30,47,75
30-07-2019,19:50:17,15,151,77
30-07-2019,19:51:17,30,47,77
30-07-2019,19:52:19,30,47,76
30-07-2019,19:53:17,15,152,75
30-07-2019,19:54:17,30,47,73
30-07-2019,19:55:17,30,47,73
30-07-2019,19:56:17,30,47,72
30-07-2019,19:57:17,30,48,71
30-07-2019,19:58:19,30,47,70
30-07-2019,19:59:17,15,152,69
30-07-2019,20:00:22,15,152,68
30-07-2019,20:01:17,30,49,67
30-07-2019,20:02:17,30,47,67
30-07-2019,20:02:43,30,49,66
30-07-2019,20:03:30,15,152,66
30-07-2019,20:04:30,30,47,65
30-07-2019,20:05:30,30,47,64
30-07-2019,20:06:30,30,47,63
30-07-2019,20:07:30,30,47,63
30-07-2019,20:08:30,30,47,62
30-07-2019,20:09:30,30,47,62
30-07-2019,20:10:01,30,47,61
30-07-2019,20:12:49,30,48,59
30-07-2019,20:13:44,15,152,58
30-07-2019,20:14:44,30,46,57
30-07-2019,20:15:44,15,151,57
30-07-2019,20:16:44,30,47,54
30-07-2019,20:17:46,30,46,53
30-07-2019,20:18:44,30,48,52
30-07-2019,20:19:44,30,47,51
30-07-2019,20:20:44,30,47,53
30-07-2019,20:21:44,15,151,51
30-07-2019,20:22:44,30,47,51
30-07-2019,20:23:44,30,47,50
30-07-2019,20:24:44,30,46,50
30-07-2019,20:25:44,30,46,49
30-07-2019,20:26:46,15,151,48
30-07-2019,20:27:44,15,152,47
30-07-2019,20:28:46,30,46,46
30-07-2019,20:29:44,30,48,45
30-07-2019,20:30:49,30,48,45
30-07-2019,20:31:44,15,152,45
30-07-2019,20:32:44,15,151,45
30-07-2019,20:33:44,15,151,44
30-07-2019,20:34:51,30,48,43
30-07-2019,20:35:46,15,151,42
30-07-2019,20:36:44,15,152,41
30-07-2019,20:37:46,15,151,40
30-07-2019,20:38:44,30,48,40
30-07-2019,20:39:44,30,46,39
30-07-2019,20:40:46,15,151,38
30-07-2019,20:41:44,15,152,37
30-07-2019,20:42:44,30,46,36
30-07-2019,20:43:49,30,48,35
30-07-2019,20:44:44,30,49,34
30-07-2019,20:45:44,15,151,34
30-07-2019,20:46:44,30,46,33
30-07-2019,20:47:44,30,46,32
30-07-2019,20:48:44,15,151,27
30-07-2019,20:49:44,30,46,26
30-07-2019,20:50:46,15,151,25
30-07-2019,20:51:44,30,48,24
30-07-2019,20:52:44,30,45,23
30-07-2019,20:53:44,30,46,23
30-07-2019,20:54:49,30,47,22
30-07-2019,20:55:44,30,47,21
30-07-2019,20:56:44,30,45,21
30-07-2019,20:57:44,30,45,20
30-07-2019,20:58:44,30,45,19
30-07-2019,20:59:44,30,45,18
30-07-2019,21:00:44,30,45,18
30-07-2019,21:01:46,30,45,17
30-07-2019,21:02:44,30,47,17
30-07-2019,21:03:46,30,45,17
30-07-2019,21:04:44,30,47,17
30-07-2019,21:05:49,30,47,16
30-07-2019,21:06:46,30,45,18
30-07-2019,21:07:44,30,47,15
30-07-2019,21:08:44,30,45,15
30-07-2019,21:09:44,30,45,15
30-07-2019,21:10:44,30,45,14
30-07-2019,21:11:44,30,45,20
30-07-2019,21:12:44,30,46,14
30-07-2019,21:13:44,30,45,13
30-07-2019,21:14:44,30,46,13
30-07-2019,21:15:46,15,150,13
30-07-2019,21:16:44,30,47,13
30-07-2019,21:17:46,30,45,14
30-07-2019,21:18:44,30,47,14
30-07-2019,21:19:44,30,45,14
30-07-2019,21:20:44,15,150,15
30-07-2019,21:21:44,15,150,17
30-07-2019,21:22:44,30,45,15
30-07-2019,21:23:46,30,45,16
30-07-2019,21:24:44,30,47,15
30-07-2019,21:25:46,30,45,14
30-07-2019,21:26:44,30,47,16
30-07-2019,21:27:44,30,45,17
30-07-2019,21:28:44,30,45,14
30-07-2019,21:29:46,30,45,16
30-07-2019,21:30:44,30,47,15
30-07-2019,21:31:44,15,150,15
30-07-2019,21:32:46,30,46,14
30-07-2019,21:33:44,15,152,15
30-07-2019,21:34:46,30,45,14
30-07-2019,21:35:44,30,48,14
30-07-2019,21:36:44,30,46,14
30-07-2019,21:37:44,30,46,15
30-07-2019,21:38:44,30,46,15
30-07-2019,21:39:44,29,46,15
30-07-2019,21:40:44,29,46,15
30-07-2019,21:41:44,29,46,12
30-07-2019,21:42:46,29,47,11
30-07-2019,21:43:44,29,49,11
30-07-2019,21:44:44,29,46,11
30-07-2019,21:45:46,29,46,11
30-07-2019,21:46:44,29,48,11
30-07-2019,21:47:46,29,46,10
30-07-2019,21:48:44,29,49,11
30-07-2019,21:49:44,29,46,11
30-07-2019,21:50:44,29,47,11
30-07-2019,21:51:44,14,151,11
30-07-2019,21:52:44,29,48,11
30-07-2019,21:53:44,29,48,11
30-07-2019,21:54:44,29,49,11
30-07-2019,21:55:44,29,49,11
30-07-2019,21:56:46,29,48,11
30-07-2019,21:57:46,29,49,11
30-07-2019,21:58:44,29,52,11
30-07-2019,21:59:44,29,49,11
30-07-2019,22:00:44,29,49,11
30-07-2019,22:01:44,29,48,11
30-07-2019,22:02:46,29,50,11
30-07-2019,22:03:44,29,52,11
30-07-2019,22:04:44,29,50,11
30-07-2019,22:05:44,29,50,11
30-07-2019,22:06:46,29,50,11
30-07-2019,22:07:44,29,52,11
30-07-2019,22:08:44,29,49,11
30-07-2019,22:09:44,29,49,11
30-07-2019,22:10:44,14,153,11
30-07-2019,22:11:44,29,49,14
30-07-2019,22:12:44,29,49,14
30-07-2019,22:13:44,29,48,15
30-07-2019,22:14:44,29,47,15
30-07-2019,22:15:44,29,47,14
30-07-2019,22:16:44,29,47,15
30-07-2019,22:17:46,29,47,14
30-07-2019,22:18:46,29,47,15
30-07-2019,22:19:44,29,50,15
30-07-2019,22:20:44,29,47,15
30-07-2019,22:21:44,29,47,15
30-07-2019,22:22:46,29,47,15
30-07-2019,22:23:49,29,50,11
30-07-2019,22:24:44,29,50,11
30-07-2019,22:25:44,29,47,11
30-07-2019,22:26:44,29,47,10
30-07-2019,22:27:46,29,47,11
30-07-2019,22:28:44,29,50,11
30-07-2019,22:29:49,29,50,10
30-07-2019,22:30:44,29,51,1
30-07-2019,22:31:44,29,48,1
30-07-2019,22:32:44,29,48,0
30-07-2019,22:33:46,29,48,0
30-07-2019,22:34:44,29,51,0
30-07-2019,22:35:44,29,49,0
30-07-2019,22:36:49,29,52,0
30-07-2019,22:37:44,14,154,0
30-07-2019,22:38:46,29,49,0
30-07-2019,22:39:44,14,154,0
30-07-2019,22:40:44,29,49,0
30-07-2019,22:41:44,29,49,0
30-07-2019,22:42:44,29,49,0
30-07-2019,22:44:01,29,52,0
30-07-2019,22:44:44,29,53,0
30-07-2019,22:45:44,29,50,0
30-07-2019,22:46:46,29,50,0
30-07-2019,22:47:44,29,53,0
30-07-2019,22:48:44,29,49,0
30-07-2019,22:49:44,29,49,0
30-07-2019,22:50:44,29,49,0
30-07-2019,22:51:44,29,49,0
30-07-2019,22:52:44,29,50,0
30-07-2019,22:53:44,29,50,0
30-07-2019,22:54:44,29,50,0
30-07-2019,22:55:44,29,50,0
30-07-2019,22:56:46,29,50,0
30-07-2019,22:57:44,29,53,0
30-07-2019,22:58:49,29,53,0
30-07-2019,22:59:44,29,53,0
30-07-2019,23:00:44,29,50,0
30-07-2019,23:01:44,29,50,0
30-07-2019,23:02:44,29,50,0
30-07-2019,23:03:44,29,50,0
30-07-2019,23:04:44,14,153,0
30-07-2019,23:05:44,29,49,0
30-07-2019,23:06:44,29,49,0
30-07-2019,23:07:44,29,50,0
30-07-2019,23:08:44,29,50,0
30-07-2019,23:09:44,29,50,0
30-07-2019,23:10:44,29,50,0
30-07-2019,23:11:46,28,50,0
30-07-2019,23:12:44,14,155,0
30-07-2019,23:13:44,28,50,0
30-07-2019,23:14:44,28,50,0
30-07-2019,23:15:44,28,50,0
30-07-2019,23:16:44,28,50,0
30-07-2019,23:17:44,28,50,0
30-07-2019,23:18:49,28,54,0
30-07-2019,23:19:46,14,153,0
30-07-2019,23:20:44,28,53,0
30-07-2019,23:21:46,28,50,0
30-07-2019,23:22:44,14,155,0
30-07-2019,23:23:49,28,55,0
30-07-2019,23:24:44,28,54,0
30-07-2019,23:25:46,28,52,0
30-07-2019,23:26:46,28,52,0
30-07-2019,23:27:49,28,56,0
30-07-2019,23:28:54,28,56,0
30-07-2019,23:29:44,28,56,0
30-07-2019,23:30:44,28,52,0
30-07-2019,23:31:44,28,52,0
30-07-2019,23:32:46,28,52,0
30-07-2019,23:33:44,28,56,0
30-07-2019,23:34:44,28,52,0
30-07-2019,23:35:44,14,154,0
30-07-2019,23:36:46,28,52,0
30-07-2019,23:37:44,14,156,0
30-07-2019,23:38:44,28,53,0
30-07-2019,23:39:44,28,53,0
30-07-2019,23:40:51,28,57,0
30-07-2019,23:41:49,28,57,0
30-07-2019,23:42:46,28,53,0
30-07-2019,23:43:46,28,53,0
30-07-2019,23:44:44,14,156,0
30-07-2019,23:45:44,28,53,0
30-07-2019,23:46:44,28,53,0
30-07-2019,23:47:44,28,53,0
30-07-2019,23:48:44,28,53,0
30-07-2019,23:49:44,27,52,0
30-07-2019,23:50:44,27,53,0
30-07-2019,23:51:44,28,54,0
30-07-2019,23:52:49,27,57,0
30-07-2019,23:53:49,27,57,0
30-07-2019,23:54:46,27,53,0
30-07-2019,23:55:44,27,57,0
30-07-2019,23:56:46,28,54,0
30-07-2019,23:57:46,28,53,0
30-07-2019,23:58:44,28,58,0
30-07-2019,23:59:44,28,53,0
31-07-2019,00:00:44,28,53,0
31-07-2019,00:01:44,28,53,0
31-07-2019,00:02:44,28,53,0
31-07-2019,00:03:46,28,53,0
31-07-2019,00:04:44,28,57,0
31-07-2019,00:05:44,28,53,0
31-07-2019,00:06:44,28,53,0
31-07-2019,00:07:44,28,53,0
31-07-2019,00:08:54,28,57,0
31-07-2019,00:09:46,28,53,0
31-07-2019,00:10:44,28,57,0
31-07-2019,00:11:44,28,53,0
31-07-2019,00:12:44,28,53,0
31-07-2019,00:13:49,28,57,0
31-07-2019,00:14:46,28,52,0
31-07-2019,00:15:44,14,156,0
31-07-2019,00:16:44,28,51,0
31-07-2019,00:17:44,28,51,0
31-07-2019,00:18:44,28,51,0
31-07-2019,00:19:44,28,51,0
31-07-2019,00:20:44,28,51,0
31-07-2019,00:21:44,28,51,0
31-07-2019,00:22:46,28,51,0
31-07-2019,00:23:46,28,50,0
31-07-2019,00:24:44,28,55,0
31-07-2019,00:25:44,28,50,0
31-07-2019,00:26:46,28,50,0
31-07-2019,00:27:44,28,55,0
31-07-2019,00:28:46,28,50,0
31-07-2019,00:29:44,28,54,0
31-07-2019,00:30:46,28,49,0
31-07-2019,00:31:44,28,54,0
31-07-2019,00:32:46,28,49,0
31-07-2019,00:33:44,28,53,0
31-07-2019,00:34:44,28,49,0
31-07-2019,00:35:46,14,152,0
31-07-2019,00:36:44,28,53,0
31-07-2019,00:37:44,28,49,0
31-07-2019,00:38:49,28,54,0
31-07-2019,00:39:44,27,53,0
31-07-2019,00:40:46,27,48,0
31-07-2019,00:41:44,27,53,0
31-07-2019,00:42:46,13,152,0
31-07-2019,00:43:44,27,53,0
31-07-2019,00:44:46,27,48,0
31-07-2019,00:45:44,27,53,0
31-07-2019,00:46:46,27,48,0
31-07-2019,00:47:44,27,53,0
31-07-2019,00:48:46,27,48,0
31-07-2019,00:49:44,27,53,0
31-07-2019,00:50:44,27,48,0
31-07-2019,00:51:44,27,48,0
31-07-2019,00:52:46,27,48,0
31-07-2019,00:53:46,27,48,0
31-07-2019,00:54:44,27,52,0
31-07-2019,00:55:46,27,48,0
31-07-2019,00:56:46,13,152,0
31-07-2019,00:57:44,27,53,0
31-07-2019,00:58:44,27,48,0
31-07-2019,00:59:44,27,48,0
31-07-2019,01:00:44,27,48,0
31-07-2019,01:01:44,27,48,0
31-07-2019,01:02:44,27,48,0
31-07-2019,01:03:44,27,48,0
31-07-2019,01:04:44,27,48,0
31-07-2019,01:05:44,27,48,0
31-07-2019,01:06:44,27,48,0
31-07-2019,01:07:44,27,48,0
31-07-2019,01:08:46,27,48,0
31-07-2019,01:09:44,27,53,0
31-07-2019,01:10:44,27,48,0
31-07-2019,01:11:44,27,48,0
31-07-2019,01:12:44,27,48,0
31-07-2019,01:13:44,13,152,0
31-07-2019,01:14:46,27,48,0
31-07-2019,01:15:44,27,53,0
31-07-2019,01:16:44,27,48,0
31-07-2019,01:17:44,27,48,0
31-07-2019,01:18:44,27,48,0
31-07-2019,01:19:44,27,48,0
31-07-2019,01:20:44,27,48,0
31-07-2019,01:21:46,27,48,0
31-07-2019,01:22:44,27,54,0
31-07-2019,01:23:46,27,48,0
31-07-2019,01:24:44,27,53,0
31-07-2019,01:25:44,27,48,0
31-07-2019,01:26:44,27,48,0
31-07-2019,01:27:44,27,48,0
31-07-2019,01:28:44,27,48,0
31-07-2019,01:29:44,27,48,0
31-07-2019,01:30:46,27,48,0
31-07-2019,01:31:46,27,48,0
31-07-2019,01:32:44,27,54,0
31-07-2019,01:33:44,27,48,0
31-07-2019,01:34:44,27,48,0
31-07-2019,01:35:44,27,48,0
31-07-2019,01:36:44,27,48,0
31-07-2019,01:37:44,27,48,0
31-07-2019,01:38:49,27,54,0
31-07-2019,01:39:46,27,48,0
31-07-2019,01:40:44,27,54,0
31-07-2019,01:41:44,27,48,0
31-07-2019,01:42:44,27,48,0
31-07-2019,01:43:44,27,48,0
31-07-2019,01:44:44,27,48,0
31-07-2019,01:45:46,27,48,0
31-07-2019,01:46:44,27,53,0
31-07-2019,01:47:49,27,53,0
31-07-2019,01:48:44,27,53,0
31-07-2019,01:49:44,27,48,0
31-07-2019,01:50:44,27,47,0
31-07-2019,01:51:44,27,47,0
31-07-2019,01:52:46,27,47,0
31-07-2019,01:53:44,27,52,0
31-07-2019,01:54:44,27,47,0
31-07-2019,01:55:44,27,47,0
31-07-2019,01:56:44,27,47,0
31-07-2019,01:57:49,27,52,0
31-07-2019,01:58:44,27,53,0
31-07-2019,01:59:46,27,47,0
31-07-2019,02:00:46,27,47,0
31-07-2019,02:01:44,27,52,0
31-07-2019,02:02:44,27,47,0
31-07-2019,02:03:44,27,46,0
31-07-2019,02:04:44,27,46,0
31-07-2019,02:05:46,27,47,0
31-07-2019,02:06:46,27,47,0
31-07-2019,02:07:46,27,46,0
31-07-2019,02:08:44,27,52,0
31-07-2019,02:09:46,27,46,0
31-07-2019,02:10:44,27,51,0
31-07-2019,02:11:44,13,151,0
31-07-2019,02:12:44,27,46,0
31-07-2019,02:13:44,27,46,0
31-07-2019,02:14:44,27,46,0
31-07-2019,02:15:46,13,151,0
31-07-2019,02:16:49,27,51,0
31-07-2019,02:17:44,27,51,0
31-07-2019,02:18:44,27,46,0
31-07-2019,02:19:44,27,46,0
31-07-2019,02:20:44,27,46,0
31-07-2019,02:21:46,27,46,0
31-07-2019,02:22:44,27,51,0
31-07-2019,02:23:46,27,46,0
31-07-2019,02:24:46,27,46,0
31-07-2019,02:25:44,27,51,0
31-07-2019,02:26:44,13,151,0
31-07-2019,02:27:44,27,46,0
31-07-2019,02:28:44,27,46,0
31-07-2019,02:29:44,27,46,0
31-07-2019,02:30:44,27,46,0
31-07-2019,02:31:44,27,46,0
31-07-2019,02:32:44,27,46,0
31-07-2019,02:33:44,27,45,0
31-07-2019,02:34:44,27,45,0
31-07-2019,02:35:44,27,45,0
31-07-2019,02:36:44,27,45,0
31-07-2019,02:37:44,27,45,0
31-07-2019,02:38:46,27,45,0
31-07-2019,02:39:44,27,51,0
31-07-2019,02:40:49,27,50,0
31-07-2019,02:41:44,27,50,0
31-07-2019,02:42:44,27,45,0
31-07-2019,02:43:44,27,45,0
31-07-2019,02:44:44,27,45,0
31-07-2019,02:45:44,27,45,0
31-07-2019,02:46:44,27,45,0
31-07-2019,02:47:44,27,45,0
31-07-2019,02:48:44,27,45,0
31-07-2019,02:49:44,27,45,0
31-07-2019,02:50:44,27,45,0
31-07-2019,02:51:44,27,45,0
31-07-2019,02:52:46,27,45,0
31-07-2019,02:53:44,27,51,0
31-07-2019,02:54:49,27,50,0
31-07-2019,02:55:44,27,50,0
31-07-2019,02:56:44,27,45,0
31-07-2019,02:57:46,27,45,0
31-07-2019,02:58:44,27,50,0
31-07-2019,02:59:44,27,45,0
31-07-2019,03:00:44,27,45,0
31-07-2019,03:01:44,27,45,6
31-07-2019,03:02:44,27,45,11
31-07-2019,03:03:44,27,44,1
31-07-2019,03:04:44,27,45,1
31-07-2019,03:05:44,27,45,0
31-07-2019,03:06:44,27,45,0
31-07-2019,03:07:44,27,44,0
31-07-2019,03:08:44,27,44,0
31-07-2019,03:09:44,27,45,1
31-07-2019,03:10:44,27,44,0
31-07-2019,03:11:44,27,45,0
31-07-2019,03:12:49,27,50,0
31-07-2019,03:13:44,27,50,0
31-07-2019,03:14:44,27,44,0
31-07-2019,03:15:46,27,45,0
31-07-2019,03:16:44,13,153,0
31-07-2019,03:17:44,27,45,0
31-07-2019,03:18:46,27,45,0
31-07-2019,03:19:44,27,50,0
31-07-2019,03:20:44,27,45,0
31-07-2019,03:21:44,27,45,0
31-07-2019,03:22:44,27,45,0
31-07-2019,03:23:44,27,45,1
31-07-2019,03:24:44,27,44,0
31-07-2019,03:25:44,13,150,0
31-07-2019,03:26:44,27,45,0
31-07-2019,03:27:44,27,45,0
31-07-2019,03:28:44,27,45,0
31-07-2019,03:29:46,27,45,0
31-07-2019,03:30:44,27,50,0
31-07-2019,03:31:49,27,50,0
31-07-2019,03:32:49,27,50,0
31-07-2019,03:33:49,27,50,1
31-07-2019,03:34:46,27,45,0
31-07-2019,03:35:46,27,45,0
31-07-2019,03:36:46,27,45,0
31-07-2019,03:37:44,27,50,0
31-07-2019,03:38:44,27,45,0
31-07-2019,03:39:44,27,45,0
31-07-2019,03:40:44,27,45,0
31-07-2019,03:41:49,27,50,0
31-07-2019,03:42:44,27,50,0
31-07-2019,03:43:44,27,45,1
31-07-2019,03:44:46,27,45,0
31-07-2019,03:45:49,27,51,0
31-07-2019,03:46:49,27,50,0
31-07-2019,03:47:44,27,50,0
31-07-2019,03:48:44,27,45,0
31-07-2019,03:49:44,27,45,0
31-07-2019,03:50:44,27,45,0
31-07-2019,03:51:44,27,45,0
31-07-2019,03:52:44,27,45,0
31-07-2019,03:53:44,27,45,0
31-07-2019,03:54:46,27,45,0
31-07-2019,03:55:44,27,51,0
31-07-2019,03:56:49,27,51,0
31-07-2019,03:57:46,27,45,0
31-07-2019,03:58:44,27,51,0
31-07-2019,03:59:44,27,45,0
31-07-2019,04:00:46,27,45,0
31-07-2019,04:01:44,27,51,0
31-07-2019,04:02:44,27,45,0
31-07-2019,04:03:46,27,45,0
31-07-2019,04:04:44,27,51,0
31-07-2019,04:05:44,27,45,0
31-07-2019,04:06:44,27,45,0
31-07-2019,04:07:46,27,45,0
31-07-2019,04:08:44,13,153,0
31-07-2019,04:09:44,27,45,0
31-07-2019,04:10:44,27,45,0
31-07-2019,04:11:44,27,45,0
31-07-2019,04:12:44,27,45,0
31-07-2019,04:13:44,27,45,0
31-07-2019,04:14:44,27,45,0
31-07-2019,04:15:44,27,46,0
31-07-2019,04:16:44,27,46,0
31-07-2019,04:17:44,27,46,0
31-07-2019,04:18:44,27,46,0
31-07-2019,04:19:44,27,46,0
31-07-2019,04:20:44,27,46,0
31-07-2019,04:21:44,27,46,0
31-07-2019,04:22:44,27,46,0
31-07-2019,04:23:46,27,46,0
31-07-2019,04:24:44,27,52,0
31-07-2019,04:25:44,27,47,0
31-07-2019,04:26:44,27,47,0
31-07-2019,04:27:49,27,52,0
31-07-2019,04:28:44,27,52,0
31-07-2019,04:29:44,27,47,0
31-07-2019,04:30:44,27,47,0
31-07-2019,04:31:44,27,47,0
31-07-2019,04:32:44,27,47,0
31-07-2019,04:33:44,27,47,0
31-07-2019,04:34:44,27,47,0
31-07-2019,04:35:46,27,47,0
31-07-2019,04:36:44,27,53,0
31-07-2019,04:37:44,27,47,0
31-07-2019,04:38:44,27,47,0
31-07-2019,04:39:46,27,47,0
31-07-2019,04:40:44,27,52,0
31-07-2019,04:41:51,27,53,0
31-07-2019,04:42:44,27,53,0
31-07-2019,04:43:44,27,47,0
31-07-2019,04:44:44,27,47,0
31-07-2019,04:45:44,27,47,0
31-07-2019,04:46:44,27,48,0
31-07-2019,04:47:44,27,48,0
31-07-2019,04:48:44,27,48,0
31-07-2019,04:49:44,27,48,0
31-07-2019,04:50:44,27,48,0
31-07-2019,04:51:44,27,48,0
31-07-2019,04:52:46,27,48,0
31-07-2019,04:53:44,27,54,0
31-07-2019,04:54:44,27,48,0
31-07-2019,04:55:44,27,49,0
31-07-2019,04:56:49,27,55,0
31-07-2019,04:57:46,26,49,0
31-07-2019,04:58:44,27,55,0
31-07-2019,04:59:44,26,49,0
31-07-2019,05:00:46,26,50,0
31-07-2019,05:01:44,26,56,0
31-07-2019,05:02:46,26,50,0
31-07-2019,05:03:44,26,56,0
31-07-2019,05:04:44,26,50,0
31-07-2019,05:05:46,26,51,0
31-07-2019,05:06:44,26,56,0
31-07-2019,05:07:44,26,51,0
31-07-2019,05:08:44,26,51,0
31-07-2019,05:09:44,26,51,0
31-07-2019,05:10:44,13,153,0
31-07-2019,05:11:44,26,51,0
31-07-2019,05:12:44,26,51,0
31-07-2019,05:13:44,13,154,0
31-07-2019,05:14:44,26,51,0
31-07-2019,05:15:46,26,52,1
31-07-2019,05:16:44,26,58,0
31-07-2019,05:17:46,26,52,0
31-07-2019,05:18:44,26,58,1
31-07-2019,05:19:46,26,52,1
31-07-2019,05:20:44,26,58,1
31-07-2019,05:21:44,26,53,1
31-07-2019,05:22:44,26,53,1
31-07-2019,05:23:49,26,59,1
31-07-2019,05:24:44,26,59,1
31-07-2019,05:25:44,26,53,1
31-07-2019,05:26:44,26,53,1
31-07-2019,05:27:44,26,54,1
31-07-2019,05:28:44,26,54,1
31-07-2019,05:29:44,26,54,2
31-07-2019,05:30:44,26,54,2
31-07-2019,05:31:44,26,54,2
31-07-2019,05:32:44,26,54,2
31-07-2019,05:33:51,26,61,3
31-07-2019,05:34:46,26,54,3
31-07-2019,05:35:44,13,158,3
31-07-2019,05:36:44,26,54,3
31-07-2019,05:37:46,26,55,3
31-07-2019,05:38:44,26,61,4
31-07-2019,05:39:44,13,155,4
31-07-2019,05:40:44,26,55,4
31-07-2019,05:41:44,26,55,5
31-07-2019,05:42:44,26,55,5
31-07-2019,05:43:44,26,55,5
31-07-2019,05:44:44,26,55,6
31-07-2019,05:45:46,26,55,139
31-07-2019,05:46:44,26,62,138
31-07-2019,05:47:44,26,55,137
31-07-2019,05:48:44,26,55,136
31-07-2019,05:49:44,26,54,136
31-07-2019,05:50:44,26,54,136
31-07-2019,05:51:44,27,53,135
31-07-2019,05:52:44,27,53,135
31-07-2019,05:53:44,27,52,135
31-07-2019,05:54:44,27,52,135
31-07-2019,05:55:49,27,56,135
31-07-2019,05:56:46,13,154,135
31-07-2019,05:57:44,27,57,135
31-07-2019,05:58:44,27,52,134
31-07-2019,05:59:44,28,52,134
31-07-2019,06:00:44,28,52,135
31-07-2019,06:01:44,14,154,134
31-07-2019,06:02:44,28,52,134
31-07-2019,06:03:44,28,52,134
31-07-2019,06:04:44,28,52,134
31-07-2019,06:05:44,28,51,134
31-07-2019,06:06:46,28,52,134
31-07-2019,06:07:44,28,56,134
31-07-2019,06:08:44,28,51,134
31-07-2019,06:09:44,28,51,133
31-07-2019,06:10:46,14,153,134
31-07-2019,06:11:46,28,51,134
31-07-2019,06:12:44,28,56,134
31-07-2019,06:13:44,27,51,134
31-07-2019,06:14:49,27,56,134
31-07-2019,06:15:44,27,56,134
31-07-2019,06:16:44,27,52,134
31-07-2019,06:17:44,27,52,134
31-07-2019,06:18:49,27,58,134
31-07-2019,06:19:46,27,52,134
31-07-2019,06:20:44,27,57,134
31-07-2019,06:21:44,27,52,134
31-07-2019,06:22:46,27,52,134
31-07-2019,06:23:44,27,57,134
31-07-2019,06:24:46,27,53,134
31-07-2019,06:25:44,27,58,134
31-07-2019,06:26:49,27,58,134
31-07-2019,06:27:46,27,53,134
31-07-2019,06:28:49,27,58,134
31-07-2019,06:29:46,27,53,134
31-07-2019,06:30:44,27,58,134
31-07-2019,06:31:44,27,53,134
31-07-2019,06:32:44,27,53,134
31-07-2019,06:33:44,27,54,134
31-07-2019,06:34:44,27,54,134
31-07-2019,06:35:44,27,54,134
31-07-2019,06:36:44,27,54,134
31-07-2019,06:37:44,27,54,134
31-07-2019,06:38:44,27,54,134
31-07-2019,06:39:46,27,54,134
31-07-2019,06:40:44,27,60,134
31-07-2019,06:41:44,27,55,134
31-07-2019,06:42:44,27,55,134
31-07-2019,06:43:49,27,60,133
31-07-2019,06:44:49,27,60,134
31-07-2019,06:45:44,27,60,134
31-07-2019,06:46:56,26,61,134
31-07-2019,06:47:46,26,55,134
31-07-2019,06:48:44,13,158,133
31-07-2019,06:49:44,26,55,133
31-07-2019,06:50:46,27,54,133
31-07-2019,06:51:49,27,58,133
31-07-2019,06:52:49,27,58,133
31-07-2019,06:53:49,27,58,10
31-07-2019,06:54:44,13,157,10
31-07-2019,06:55:44,27,53,11
31-07-2019,06:56:44,28,53,12
31-07-2019,06:57:44,14,154,13
31-07-2019,06:58:44,14,154,14
31-07-2019,06:59:44,28,53,15
31-07-2019,07:00:44,28,52,16
31-07-2019,07:01:44,28,52,17
31-07-2019,07:02:44,14,154,17
31-07-2019,07:03:44,14,154,18
31-07-2019,07:04:44,28,52,19
31-07-2019,07:05:44,14,154,19
31-07-2019,07:06:44,28,52,19
31-07-2019,07:07:46,28,52,19
31-07-2019,07:08:46,28,52,19
31-07-2019,07:09:44,28,56,19
31-07-2019,07:10:46,14,154,19
31-07-2019,07:11:44,28,56,18
31-07-2019,07:12:44,28,52,18
31-07-2019,07:13:44,28,52,18
31-07-2019,07:14:44,14,154,18
31-07-2019,07:15:44,14,154,18
31-07-2019,07:16:44,14,154,18
31-07-2019,07:17:44,28,52,18
31-07-2019,07:18:44,28,52,18
31-07-2019,07:19:44,28,52,18
31-07-2019,07:20:44,28,52,19
31-07-2019,07:21:46,28,52,19
31-07-2019,07:22:46,28,52,19
31-07-2019,07:23:46,14,154,20
31-07-2019,07:24:44,28,56,21
31-07-2019,07:25:44,14,154,22
31-07-2019,07:26:44,28,52,22
31-07-2019,07:27:44,28,52,23
31-07-2019,07:28:44,28,52,24
31-07-2019,07:29:44,28,52,25
31-07-2019,07:30:46,14,154,25
31-07-2019,07:31:44,28,56,26
31-07-2019,07:32:44,14,154,26
31-07-2019,07:33:44,28,52,26
31-07-2019,07:34:44,28,52,27
31-07-2019,07:35:46,14,154,27
31-07-2019,07:36:44,14,156,27
31-07-2019,07:37:44,28,52,27
31-07-2019,07:38:44,28,52,28
31-07-2019,07:39:46,14,154,28
31-07-2019,07:40:44,28,56,28
31-07-2019,07:41:44,14,154,28
31-07-2019,07:42:44,14,154,28
31-07-2019,07:43:44,14,154,29
31-07-2019,07:44:44,28,52,29
31-07-2019,07:45:44,28,52,29
31-07-2019,07:46:44,28,52,30
31-07-2019,07:47:44,28,52,30
31-07-2019,07:48:44,28,52,30
31-07-2019,07:49:44,28,52,31
31-07-2019,07:50:44,28,52,31
31-07-2019,07:51:44,28,52,31
31-07-2019,07:52:44,28,52,30
31-07-2019,07:53:44,28,52,29
31-07-2019,07:54:46,28,52,28
31-07-2019,07:55:44,28,56,27
31-07-2019,07:56:44,28,52,26
31-07-2019,07:57:44,14,154,25
31-07-2019,07:58:44,28,52,25
31-07-2019,07:59:44,28,52,25
31-07-2019,08:00:44,28,52,25
31-07-2019,08:01:44,28,52,25
31-07-2019,08:02:44,14,154,25
31-07-2019,08:03:44,14,154,25
31-07-2019,08:04:44,14,154,26
31-07-2019,08:05:44,28,52,26
31-07-2019,08:06:44,28,52,27
31-07-2019,08:07:44,28,52,27
31-07-2019,08:08:44,28,52,28
31-07-2019,08:09:44,14,154,29
31-07-2019,08:10:44,14,154,29
31-07-2019,08:11:44,28,52,30
31-07-2019,08:12:46,14,154,30
31-07-2019,08:13:44,28,57,30
31-07-2019,08:14:44,28,52,30
31-07-2019,08:15:44,28,52,30
31-07-2019,08:16:44,28,52,30
31-07-2019,08:17:44,28,52,31
31-07-2019,08:18:46,28,52,31
31-07-2019,08:19:44,28,57,32
31-07-2019,08:20:44,28,53,32
31-07-2019,08:21:46,28,52,33
31-07-2019,08:22:44,28,57,33
31-07-2019,08:23:44,28,52,34
31-07-2019,08:24:44,14,154,34
31-07-2019,08:25:44,28,52,34
31-07-2019,08:26:44,14,154,35
31-07-2019,08:27:44,28,52,36
31-07-2019,08:28:44,28,53,37
31-07-2019,08:29:44,28,53,38
31-07-2019,08:30:44,14,154,39
31-07-2019,08:31:44,14,154,40
31-07-2019,08:32:46,14,154,41
31-07-2019,08:33:46,28,52,42
31-07-2019,08:34:44,28,57,42
31-07-2019,08:35:44,28,52,43
31-07-2019,08:36:44,14,154,44
31-07-2019,08:37:44,28,52,44
31-07-2019,08:38:46,28,52,45
31-07-2019,08:39:46,28,52,45
31-07-2019,08:40:44,28,57,46
31-07-2019,08:41:44,28,52,46
31-07-2019,08:42:44,28,52,47
31-07-2019,08:43:44,28,52,47
31-07-2019,08:44:44,28,52,47
31-07-2019,08:45:44,14,154,47
31-07-2019,08:46:44,28,52,47
31-07-2019,08:47:49,28,57,47
31-07-2019,08:48:46,14,154,47
31-07-2019,08:49:44,28,57,46
31-07-2019,08:50:44,28,52,45
31-07-2019,08:51:44,14,154,44
31-07-2019,08:52:46,28,53,42
31-07-2019,08:53:44,28,57,40
31-07-2019,08:54:44,28,52,39
31-07-2019,08:55:44,28,52,38
31-07-2019,08:56:51,28,57,37
31-07-2019,08:57:44,28,57,38
31-07-2019,08:58:44,28,53,40
31-07-2019,08:59:44,28,53,43
31-07-2019,09:00:46,28,53,44
31-07-2019,09:01:44,28,57,46
31-07-2019,09:02:44,28,53,47
31-07-2019,09:03:44,28,53,47
31-07-2019,09:04:46,28,53,48
31-07-2019,09:05:49,28,57,48
31-07-2019,09:06:44,28,57,47
31-07-2019,09:07:44,28,53,46
31-07-2019,09:08:44,28,53,45
31-07-2019,09:09:46,28,52,45
31-07-2019,09:10:44,28,57,46
31-07-2019,09:11:44,28,53,47
31-07-2019,09:12:44,28,53,48
31-07-2019,09:13:44,28,53,49
31-07-2019,09:14:44,28,53,50
31-07-2019,09:15:46,28,53,51
31-07-2019,09:16:44,28,57,51
31-07-2019,09:17:44,28,53,49
31-07-2019,09:18:46,28,53,48
31-07-2019,09:19:44,28,57,46
31-07-2019,09:20:44,28,53,45
31-07-2019,09:21:46,28,53,44
31-07-2019,09:22:44,14,156,43
31-07-2019,09:23:44,28,53,43
31-07-2019,09:24:44,14,154,43
31-07-2019,09:25:44,28,53,43
31-07-2019,09:26:44,14,154,43
31-07-2019,09:27:44,28,53,44
31-07-2019,09:28:44,28,53,44
31-07-2019,09:29:44,28,53,44
31-07-2019,09:30:44,28,53,44
31-07-2019,09:31:44,28,53,44
31-07-2019,09:32:51,28,57,45
31-07-2019,09:33:44,28,57,46
31-07-2019,09:34:44,28,53,46
31-07-2019,09:35:44,14,154,46
31-07-2019,09:36:44,28,53,46
31-07-2019,09:37:49,28,57,43
31-07-2019,09:38:44,28,57,42
31-07-2019,09:39:44,28,53,43
31-07-2019,09:40:44,28,53,42
31-07-2019,09:41:44,28,53,41
31-07-2019,09:42:46,28,53,41
31-07-2019,09:43:44,28,57,42
31-07-2019,09:44:44,28,53,39
31-07-2019,09:45:44,28,53,39
31-07-2019,09:46:46,28,53,37
31-07-2019,09:47:44,28,57,36
31-07-2019,09:48:44,28,53,35
31-07-2019,09:49:49,28,57,34
31-07-2019,09:50:44,28,57,34
31-07-2019,09:51:46,28,53,34
31-07-2019,09:52:44,28,57,35
31-07-2019,09:53:46,28,53,37
31-07-2019,09:54:44,28,57,37
31-07-2019,09:55:46,28,53,37
31-07-2019,09:56:44,28,57,39
31-07-2019,09:57:44,28,53,40
31-07-2019,09:58:44,28,53,40
31-07-2019,09:59:44,28,53,41
31-07-2019,10:00:46,28,53,42
31-07-2019,10:01:46,28,53,44
31-07-2019,10:02:44,28,57,42
31-07-2019,10:03:44,28,53,44
31-07-2019,10:04:44,14,154,45
31-07-2019,10:05:44,28,52,45
31-07-2019,10:06:44,28,53,43
31-07-2019,10:07:44,14,154,44
31-07-2019,10:08:44,28,53,46
31-07-2019,10:09:44,28,53,45
31-07-2019,10:10:44,28,53,44
31-07-2019,10:11:44,28,52,44
31-07-2019,10:12:44,28,52,43
31-07-2019,10:13:44,28,53,41
31-07-2019,10:14:44,28,53,40
31-07-2019,10:15:44,28,52,40
31-07-2019,10:16:46,28,53,39
31-07-2019,10:17:44,28,57,39
31-07-2019,10:18:49,28,57,38
31-07-2019,10:19:44,14,156,38
31-07-2019,10:20:44,28,53,38
31-07-2019,10:21:44,14,154,37
31-07-2019,10:22:46,28,52,37
31-07-2019,10:23:44,28,57,38
31-07-2019,10:24:44,28,53,38
31-07-2019,10:25:44,28,53,38
31-07-2019,10:26:44,28,53,39
31-07-2019,10:27:46,28,53,40
31-07-2019,10:28:44,28,57,41
31-07-2019,10:29:44,14,154,42
31-07-2019,10:30:44,28,53,44
31-07-2019,10:31:49,28,57,45
31-07-2019,10:32:46,28,53,47
31-07-2019,10:33:44,14,156,48
31-07-2019,10:34:44,28,53,49
31-07-2019,10:35:44,28,53,50
31-07-2019,10:36:44,28,53,50
31-07-2019,10:37:44,28,53,51
31-07-2019,10:38:44,28,53,52
31-07-2019,10:39:44,28,53,52
31-07-2019,10:40:44,14,154,52
31-07-2019,10:41:46,28,53,52
31-07-2019,10:42:44,14,156,53
31-07-2019,10:43:49,28,57,53
31-07-2019,10:44:44,28,57,53
31-07-2019,10:45:44,14,154,51
31-07-2019,10:46:44,28,53,50
31-07-2019,10:47:44,28,53,49
31-07-2019,10:48:44,28,53,48
31-07-2019,10:49:46,14,154,47
31-07-2019,10:50:46,14,154,47
31-07-2019,10:51:49,28,57,47
31-07-2019,10:52:44,14,156,46
31-07-2019,10:53:44,28,53,47
31-07-2019,10:54:44,28,53,47
31-07-2019,10:55:46,14,154,48
31-07-2019,10:56:44,28,57,47
31-07-2019,10:57:44,28,53,46
31-07-2019,10:58:49,28,57,46
31-07-2019,10:59:44,28,57,46
31-07-2019,11:00:44,28,53,46
31-07-2019,11:01:46,28,53,46
31-07-2019,11:02:46,28,53,46
31-07-2019,11:03:46,28,53,46
31-07-2019,11:04:44,28,57,47
31-07-2019,11:05:44,28,53,47
31-07-2019,11:06:46,28,53,47
31-07-2019,11:07:44,28,57,48
31-07-2019,11:08:51,28,57,48
31-07-2019,11:09:44,28,57,47
31-07-2019,11:10:46,28,53,47
31-07-2019,11:11:44,14,156,46
31-07-2019,11:12:44,28,53,45
31-07-2019,11:13:46,14,154,45
31-07-2019,11:14:44,14,156,45
31-07-2019,11:15:46,14,154,45
31-07-2019,11:16:44,14,156,45
31-07-2019,11:17:46,28,53,46
31-07-2019,11:18:44,28,57,46
31-07-2019,11:19:46,28,53,47
31-07-2019,11:20:44,14,156,48
31-07-2019,11:21:46,28,53,49
31-07-2019,11:22:44,14,156,50
31-07-2019,11:23:44,14,154,51
31-07-2019,11:24:46,28,53,51
31-07-2019,11:25:44,28,57,50
31-07-2019,11:26:44,28,53,48
31-07-2019,11:27:44,28,53,46
31-07-2019,11:28:46,28,53,47
31-07-2019,11:29:44,28,57,50
31-07-2019,11:30:49,28,57,53
31-07-2019,11:31:44,28,57,55
31-07-2019,11:32:44,14,154,57
31-07-2019,11:33:44,14,154,59
31-07-2019,11:34:44,14,154,60
31-07-2019,11:35:44,28,53,61
31-07-2019,11:36:46,28,53,61
31-07-2019,11:37:44,28,57,62
31-07-2019,11:38:44,28,53,63
31-07-2019,11:39:46,28,53,64
31-07-2019,11:40:46,28,53,64
31-07-2019,11:41:44,28,57,64
31-07-2019,11:42:44,28,53,63
31-07-2019,11:43:44,28,53,63
31-07-2019,11:44:44,28,53,63
31-07-2019,11:45:49,28,57,64
31-07-2019,11:46:44,28,57,64
31-07-2019,11:47:44,28,52,65
31-07-2019,11:48:44,28,53,66
31-07-2019,11:49:44,14,154,66
31-07-2019,11:50:46,28,53,66
31-07-2019,11:51:44,28,57,65
31-07-2019,11:52:44,28,53,63
31-07-2019,11:53:44,14,154,62
31-07-2019,11:54:44,14,154,61
31-07-2019,11:55:44,28,53,60
31-07-2019,11:56:44,28,53,59
31-07-2019,11:57:46,28,53,58
31-07-2019,11:58:44,28,57,57
31-07-2019,11:59:44,28,53,57
31-07-2019,12:00:49,28,57,57
31-07-2019,12:01:46,28,53,56
31-07-2019,12:02:44,28,57,54
31-07-2019,12:03:46,28,53,52
31-07-2019,12:04:44,28,57,50
31-07-2019,12:05:46,14,154,49
31-07-2019,12:06:46,14,154,48
31-07-2019,12:07:44,28,57,48
31-07-2019,12:08:44,28,53,48
31-07-2019,12:09:44,28,53,49
31-07-2019,12:10:44,28,53,48
31-07-2019,12:11:46,28,53,48
31-07-2019,12:12:46,28,53,48
31-07-2019,12:13:44,28,57,48
31-07-2019,12:14:44,28,53,49
31-07-2019,12:15:49,28,57,49
31-07-2019,12:16:44,28,57,50
31-07-2019,12:17:46,14,154,50
31-07-2019,12:18:44,28,57,51
31-07-2019,12:19:44,14,154,53
31-07-2019,12:20:44,28,53,54
31-07-2019,12:21:46,28,53,57
31-07-2019,12:22:44,28,57,58
31-07-2019,12:23:44,28,53,60
31-07-2019,12:24:44,28,53,61
31-07-2019,12:25:44,28,53,62
31-07-2019,12:26:44,28,53,63
31-07-2019,12:27:46,28,53,63
31-07-2019,12:28:44,28,57,64
31-07-2019,12:29:46,28,53,65
31-07-2019,12:30:44,28,57,66
31-07-2019,12:31:44,28,53,67
31-07-2019,12:32:44,28,53,67
31-07-2019,12:33:44,28,53,68
31-07-2019,12:34:44,28,53,67
31-07-2019,12:35:46,28,53,66
31-07-2019,12:36:46,14,154,65
31-07-2019,12:37:44,28,57,63
31-07-2019,12:38:46,28,53,61
31-07-2019,12:39:44,28,57,60
31-07-2019,12:40:44,14,154,59
31-07-2019,12:41:44,28,53,57
31-07-2019,12:42:46,28,53,56
31-07-2019,12:43:44,28,57,56
31-07-2019,12:44:46,28,53,56
31-07-2019,12:45:44,28,57,56
31-07-2019,12:46:44,28,53,56
31-07-2019,12:47:44,28,53,56
31-07-2019,12:48:46,28,53,57
31-07-2019,12:49:44,28,57,58
31-07-2019,12:50:46,28,54,60
31-07-2019,12:51:44,28,57,61
31-07-2019,12:52:44,28,53,61
31-07-2019,12:53:44,28,53,61
31-07-2019,12:54:46,28,53,61
31-07-2019,12:55:44,28,57,61
31-07-2019,12:56:44,28,53,60
31-07-2019,12:57:44,28,53,60
31-07-2019,12:58:44,28,53,60
31-07-2019,12:59:44,28,53,60
31-07-2019,13:00:46,28,53,61
31-07-2019,13:01:44,28,58,61
31-07-2019,13:02:46,28,54,61
31-07-2019,13:03:44,28,58,61
31-07-2019,13:04:46,28,54,62
31-07-2019,13:05:44,28,58,62
31-07-2019,13:06:44,28,53,63
31-07-2019,13:07:49,28,58,63
31-07-2019,13:08:44,28,58,64
31-07-2019,13:09:44,28,54,64
31-07-2019,13:10:44,28,54,64
31-07-2019,13:11:46,28,54,64
31-07-2019,13:12:44,28,58,63
31-07-2019,13:13:44,28,54,63
31-07-2019,13:14:44,28,54,63
31-07-2019,13:15:46,28,54,65
31-07-2019,13:16:44,28,58,69
31-07-2019,13:17:46,28,54,74
31-07-2019,13:18:44,28,58,78
31-07-2019,13:19:44,28,54,83
31-07-2019,13:20:44,14,155,81
31-07-2019,13:21:46,28,54,77
31-07-2019,13:22:44,28,58,77
31-07-2019,13:23:44,14,155,77
31-07-2019,13:24:44,28,54,82
31-07-2019,13:25:49,28,58,97
31-07-2019,13:26:44,28,58,99
31-07-2019,13:27:44,28,54,123
31-07-2019,13:28:44,28,54,125
31-07-2019,13:29:44,28,54,108
31-07-2019,13:30:46,28,54,112
31-07-2019,13:31:44,28,58,118
31-07-2019,13:32:44,28,54,115
31-07-2019,13:33:44,28,54,126
31-07-2019,13:34:44,28,53,115
31-07-2019,13:35:44,28,54,98
31-07-2019,13:36:44,28,54,102
31-07-2019,13:37:44,28,54,111
31-07-2019,13:38:46,28,54,123
31-07-2019,13:39:44,28,57,123
31-07-2019,13:40:46,28,54,120
31-07-2019,13:41:44,28,58,124
31-07-2019,13:42:44,28,54,109
31-07-2019,13:43:44,28,54,122
31-07-2019,13:44:44,28,54,125
31-07-2019,13:45:44,28,54,100
31-07-2019,13:46:44,28,54,124
31-07-2019,13:47:51,14,157,86
31-07-2019,13:48:46,28,54,86
31-07-2019,13:49:44,28,57,89
31-07-2019,13:50:49,28,58,91
31-07-2019,13:51:49,28,57,90
31-07-2019,13:52:44,28,57,90
31-07-2019,13:53:46,28,53,90
31-07-2019,13:54:44,28,57,94
31-07-2019,13:55:44,28,54,92
31-07-2019,13:56:44,28,54,97
31-07-2019,13:57:44,14,155,92
31-07-2019,13:58:44,14,155,95
31-07-2019,13:59:49,28,58,108
31-07-2019,14:00:46,14,155,93
31-07-2019,14:01:46,28,54,96
31-07-2019,14:02:46,28,54,92
31-07-2019,14:03:49,28,57,92
31-07-2019,14:04:44,28,57,92
31-07-2019,14:06:06,14,154,112
31-07-2019,14:06:49,28,57,95
31-07-2019,14:07:49,28,57,93
31-07-2019,14:08:46,14,155,102
31-07-2019,14:09:44,28,57,97
31-07-2019,14:10:44,14,155,126
31-07-2019,14:11:44,28,54,125
31-07-2019,14:12:46,28,53,125
31-07-2019,14:13:46,28,53,112
31-07-2019,14:14:44,28,57,122
31-07-2019,14:15:44,28,53,89
31-07-2019,14:16:46,14,155,89
31-07-2019,14:17:44,28,57,125
31-07-2019,14:18:51,28,58,104
31-07-2019,14:19:46,28,54,94
31-07-2019,14:20:44,28,58,99
31-07-2019,14:21:46,28,54,123
31-07-2019,14:22:44,28,58,123
31-07-2019,14:23:44,28,54,93
31-07-2019,14:24:44,28,54,122
31-07-2019,14:25:49,28,58,85
31-07-2019,14:26:44,28,58,77
31-07-2019,14:27:44,28,54,80
31-07-2019,14:28:44,28,54,85
31-07-2019,14:29:54,28,57,90
31-07-2019,14:30:49,28,57,83
31-07-2019,14:31:49,28,57,79
31-07-2019,14:32:56,28,57,78
31-07-2019,14:33:44,28,57,80
31-07-2019,14:34:49,28,57,78
31-07-2019,14:35:49,28,57,74
31-07-2019,14:36:46,28,53,72
31-07-2019,14:37:44,28,57,69
31-07-2019,14:38:49,28,57,69
31-07-2019,14:39:49,28,57,70
31-07-2019,14:40:59,28,57,70
31-07-2019,14:41:44,14,156,71
31-07-2019,14:42:44,28,53,68
31-07-2019,14:43:44,28,53,68
31-07-2019,14:44:49,28,57,67
31-07-2019,14:45:44,28,57,64
31-07-2019,14:46:44,28,53,62
31-07-2019,14:47:44,28,53,62
31-07-2019,14:48:44,28,53,58
31-07-2019,14:49:44,28,53,55
31-07-2019,14:50:46,28,53,54
31-07-2019,14:51:44,14,156,54
31-07-2019,14:52:44,28,53,54
31-07-2019,14:53:44,28,53,56
31-07-2019,14:54:46,28,53,60
31-07-2019,14:55:44,28,57,63
31-07-2019,14:56:46,28,53,67
31-07-2019,14:57:44,14,156,69
31-07-2019,14:58:44,28,53,71
31-07-2019,14:59:44,14,154,72
31-07-2019,15:00:49,28,56,74
31-07-2019,15:01:49,28,56,76
31-07-2019,15:02:44,28,56,78
31-07-2019,15:03:46,28,52,81
31-07-2019,15:04:46,28,53,83
31-07-2019,15:05:44,28,56,84
31-07-2019,15:06:44,28,52,85
31-07-2019,15:07:51,28,56,87
31-07-2019,15:08:44,28,56,109
31-07-2019,15:09:44,28,52,106
31-07-2019,15:10:44,28,52,122
31-07-2019,15:11:46,28,53,102
31-07-2019,15:12:44,28,56,100
31-07-2019,15:13:44,28,53,100
31-07-2019,15:14:44,28,53,124
31-07-2019,15:15:44,28,53,123
31-07-2019,15:16:44,28,53,122
31-07-2019,15:17:46,28,53,122
31-07-2019,15:18:44,28,57,121
31-07-2019,15:19:44,14,154,121
31-07-2019,15:20:44,14,154,121
31-07-2019,15:21:51,28,57,122
31-07-2019,15:22:44,28,57,91
31-07-2019,15:23:46,28,53,123
31-07-2019,15:24:44,28,57,123
31-07-2019,15:25:44,28,53,121
31-07-2019,15:26:44,28,52,120
31-07-2019,15:27:44,14,154,119
31-07-2019,15:28:46,28,52,119
31-07-2019,15:29:44,28,56,119
31-07-2019,15:30:49,14,156,116
31-07-2019,15:31:44,28,56,118
31-07-2019,15:32:44,28,52,119
31-07-2019,15:33:44,14,154,119
31-07-2019,15:34:44,28,52,119
31-07-2019,15:35:44,28,52,119
31-07-2019,15:36:44,14,154,118
31-07-2019,15:37:44,28,52,118
31-07-2019,15:38:44,28,52,91
31-07-2019,15:39:44,28,52,119
31-07-2019,15:40:44,28,52,118
31-07-2019,15:41:44,28,52,98
31-07-2019,15:42:44,28,53,118
31-07-2019,15:43:46,28,53,118
31-07-2019,15:44:44,28,56,119
31-07-2019,15:45:44,28,52,116
31-07-2019,15:46:44,28,53,105
31-07-2019,15:47:46,28,53,94
31-07-2019,15:48:46,28,53,120
31-07-2019,15:49:44,28,56,119
31-07-2019,15:50:44,28,53,119
31-07-2019,15:51:49,28,56,106
31-07-2019,15:52:44,14,156,115
31-07-2019,15:53:44,28,52,115
31-07-2019,15:54:44,28,52,115
31-07-2019,15:55:46,28,52,115
31-07-2019,15:56:44,28,56,115
31-07-2019,15:57:44,28,52,115
31-07-2019,15:58:44,14,154,116
31-07-2019,15:59:44,14,154,115
31-07-2019,16:00:44,28,53,93
31-07-2019,16:01:44,28,53,95
31-07-2019,16:02:46,28,53,93
31-07-2019,16:03:46,28,53,87
31-07-2019,16:04:44,28,57,107
31-07-2019,16:05:44,14,154,100
31-07-2019,16:06:44,14,154,80
31-07-2019,16:07:44,28,53,76
31-07-2019,16:08:44,28,53,73
31-07-2019,16:09:51,28,57,75
31-07-2019,16:10:44,28,57,79
31-07-2019,16:11:46,28,53,72
31-07-2019,16:12:44,28,57,71
31-07-2019,16:13:46,28,53,73
31-07-2019,16:14:44,28,57,72
31-07-2019,16:15:46,14,154,71
31-07-2019,16:16:44,14,156,72
31-07-2019,16:17:46,28,53,73
31-07-2019,16:18:44,28,56,77
31-07-2019,16:19:44,28,53,79
31-07-2019,16:20:44,28,53,85
31-07-2019,16:21:46,28,53,105
31-07-2019,16:22:44,28,56,102
31-07-2019,16:23:44,28,53,85
31-07-2019,16:24:44,14,154,89
31-07-2019,16:25:44,28,52,107
31-07-2019,16:26:46,28,53,107
31-07-2019,16:27:46,28,53,107
31-07-2019,16:28:44,28,56,108
31-07-2019,16:29:49,28,56,109
31-07-2019,16:30:44,28,56,98
31-07-2019,16:31:44,14,154,99
31-07-2019,16:32:46,28,53,113
31-07-2019,16:33:44,28,56,113
31-07-2019,16:34:46,28,52,112
31-07-2019,16:35:44,28,56,110
31-07-2019,16:36:44,28,53,96
31-07-2019,16:37:44,14,154,96
31-07-2019,16:38:44,28,52,109
31-07-2019,16:39:44,28,52,108
31-07-2019,16:40:46,28,53,94
31-07-2019,16:41:44,28,56,90
31-07-2019,16:42:44,28,52,87
31-07-2019,16:43:44,28,52,86
31-07-2019,16:44:44,28,52,88
31-07-2019,16:45:44,28,52,75
31-07-2019,16:46:46,28,52,70
31-07-2019,16:47:49,28,56,66
31-07-2019,16:48:44,28,56,62
31-07-2019,16:49:46,28,52,59
31-07-2019,16:50:44,28,56,56
31-07-2019,16:51:44,28,52,55
31-07-2019,16:52:44,28,52,53
31-07-2019,16:53:44,28,52,54
31-07-2019,16:54:44,28,52,56
31-07-2019,16:55:44,28,52,61
31-07-2019,16:56:44,14,154,63
31-07-2019,16:57:44,28,52,68
31-07-2019,16:58:44,28,52,71
31-07-2019,16:59:44,28,52,72
31-07-2019,17:00:44,28,52,74
31-07-2019,17:01:44,28,52,76
31-07-2019,17:02:49,28,57,77
31-07-2019,17:03:44,28,57,84
31-07-2019,17:04:46,28,54,93
31-07-2019,17:05:44,28,57,92
31-07-2019,17:06:44,28,53,75
31-07-2019,17:07:54,28,58,69
31-07-2019,17:08:46,28,55,67
31-07-2019,17:09:44,29,60,65
31-07-2019,17:10:46,29,57,63
31-07-2019,17:11:44,29,60,62
31-07-2019,17:12:44,28,57,61
31-07-2019,17:13:44,28,58,59
31-07-2019,17:14:44,29,58,58
31-07-2019,17:15:46,28,57,59
31-07-2019,17:16:44,29,62,59
31-07-2019,17:17:44,29,58,58
31-07-2019,17:18:44,14,157,57
31-07-2019,17:19:44,29,58,56
31-07-2019,17:20:44,29,59,57
31-07-2019,17:21:44,29,59,56
31-07-2019,17:22:46,29,58,55
31-07-2019,17:23:44,29,61,54
31-07-2019,17:24:44,29,57,55
31-07-2019,17:25:44,29,57,56
31-07-2019,17:26:44,29,58,60
31-07-2019,17:27:44,28,58,63
31-07-2019,17:28:46,28,59,64
31-07-2019,17:29:44,28,62,63
31-07-2019,17:30:44,28,59,58
31-07-2019,17:31:44,28,58,60
31-07-2019,17:32:44,29,59,60
31-07-2019,17:33:44,29,58,58
31-07-2019,17:34:46,29,58,57
31-07-2019,17:35:49,28,61,57
31-07-2019,17:36:44,29,62,56
31-07-2019,17:37:44,28,58,57
31-07-2019,17:38:49,28,61,57
31-07-2019,17:39:44,14,158,56
31-07-2019,17:40:44,28,57,55
31-07-2019,17:41:44,28,57,55
31-07-2019,17:42:46,14,157,54
31-07-2019,17:43:46,28,57,52
31-07-2019,17:44:44,29,61,52
31-07-2019,17:45:44,29,57,54
31-07-2019,17:46:46,29,57,53
31-07-2019,17:47:44,29,59,52
31-07-2019,17:48:49,29,59,50
31-07-2019,17:49:44,29,59,49
31-07-2019,17:50:46,29,56,48
31-07-2019,17:51:49,29,58,46
31-07-2019,17:52:44,29,58,45
31-07-2019,17:53:49,29,58,44
31-07-2019,17:54:44,29,58,44
31-07-2019,17:55:49,29,58,45
31-07-2019,17:56:46,29,55,45
31-07-2019,17:57:44,29,58,46
31-07-2019,17:58:44,29,55,44
31-07-2019,17:59:49,14,157,46
31-07-2019,18:00:44,14,157,51
31-07-2019,18:01:44,29,55,53
31-07-2019,18:02:46,29,55,53
31-07-2019,18:03:44,29,58,57
31-07-2019,18:04:44,29,55,58
31-07-2019,18:05:46,29,55,59
31-07-2019,18:06:49,29,58,59
31-07-2019,18:07:44,29,58,60
31-07-2019,18:08:44,29,55,86
31-07-2019,18:09:46,29,55,87
31-07-2019,18:10:49,29,57,95
31-07-2019,18:11:44,29,57,94
31-07-2019,18:12:46,29,54,89
31-07-2019,18:13:51,29,56,89
31-07-2019,18:14:44,29,57,88
31-07-2019,18:15:44,29,54,88
31-07-2019,18:16:44,29,53,90
31-07-2019,18:17:44,29,53,92
31-07-2019,18:18:46,29,53,94
31-07-2019,18:19:46,29,53,95
31-07-2019,18:20:44,29,56,96
31-07-2019,18:21:46,29,53,97
31-07-2019,18:22:46,29,53,98
31-07-2019,18:23:44,29,56,97
31-07-2019,18:24:49,29,55,98
31-07-2019,18:25:44,29,55,99
31-07-2019,18:26:46,29,52,92
31-07-2019,18:27:46,29,52,90
31-07-2019,18:28:44,29,55,88
31-07-2019,18:29:44,29,52,87
31-07-2019,18:30:44,29,53,85
31-07-2019,18:31:44,29,53,85
31-07-2019,18:32:46,29,52,86
31-07-2019,18:33:49,29,55,87
31-07-2019,18:34:49,29,55,87
31-07-2019,18:35:49,29,55,87
31-07-2019,18:36:49,29,54,87
31-07-2019,18:37:49,29,54,86
31-07-2019,18:38:49,29,54,85
31-07-2019,18:39:46,29,51,83
31-07-2019,18:40:44,29,54,81
31-07-2019,18:41:46,29,51,79
31-07-2019,18:42:46,29,51,77
31-07-2019,18:43:44,29,54,76
31-07-2019,18:44:44,29,51,75
31-07-2019,18:45:49,29,54,74
31-07-2019,18:46:46,29,51,74
31-07-2019,18:47:46,29,51,76
31-07-2019,18:48:49,29,54,76
31-07-2019,18:49:44,29,54,77
31-07-2019,18:50:46,29,51,78
31-07-2019,18:51:44,14,155,79
31-07-2019,18:52:46,29,51,81
31-07-2019,18:53:44,29,54,85
31-07-2019,18:54:44,29,51,88
31-07-2019,18:55:44,29,51,91
31-07-2019,18:56:44,29,51,92
31-07-2019,18:57:44,29,51,91
31-07-2019,18:58:44,14,153,92
31-07-2019,18:59:44,29,50,93
31-07-2019,19:00:46,29,50,92
31-07-2019,19:01:44,29,53,94
31-07-2019,19:02:49,29,52,104
31-07-2019,19:03:46,29,49,98
31-07-2019,19:04:44,14,154,106
31-07-2019,19:05:49,14,154,105
31-07-2019,19:06:44,29,52,104
31-07-2019,19:07:44,29,49,103
31-07-2019,19:08:44,29,49,103
31-07-2019,19:09:44,29,49,103
31-07-2019,19:10:44,29,48,104
31-07-2019,19:11:44,29,48,103
31-07-2019,19:12:46,14,152,101
31-07-2019,19:13:44,29,51,100
31-07-2019,19:14:49,29,51,100
31-07-2019,19:15:46,29,48,98
31-07-2019,19:16:46,29,48,100
31-07-2019,19:17:44,29,51,100
31-07-2019,19:18:46,29,48,100
31-07-2019,19:19:51,29,51,100
31-07-2019,19:20:46,29,47,99
31-07-2019,19:21:46,29,47,100
31-07-2019,19:22:44,29,50,99
31-07-2019,19:23:49,29,51,94
31-07-2019,19:24:46,29,48,87
31-07-2019,19:25:46,29,49,87
31-07-2019,19:26:44,29,52,90
31-07-2019,19:27:44,29,49,87
31-07-2019,19:28:44,29,49,86
31-07-2019,19:29:44,29,49,87
31-07-2019,19:30:44,29,49,89
31-07-2019,19:31:44,29,49,89
31-07-2019,19:32:44,29,49,88
31-07-2019,19:33:46,29,49,88
31-07-2019,19:34:49,29,52,87
31-07-2019,19:35:44,29,52,83
31-07-2019,19:36:44,29,49,79
31-07-2019,19:37:44,14,153,79
31-07-2019,19:38:44,14,153,80
31-07-2019,19:39:46,29,50,81
31-07-2019,19:40:51,29,53,82
31-07-2019,19:41:44,29,53,82
31-07-2019,19:43:01,29,52,82
31-07-2019,19:43:44,29,52,84
31-07-2019,19:44:46,29,50,83
31-07-2019,19:45:46,29,50,80
31-07-2019,19:46:44,29,53,76
31-07-2019,19:47:46,29,49,74
31-07-2019,19:48:44,14,154,71
31-07-2019,19:49:46,29,48,66
31-07-2019,19:50:49,29,51,64
31-07-2019,19:51:46,14,152,62
31-07-2019,19:52:44,29,51,59
31-07-2019,19:53:44,29,48,53
31-07-2019,19:54:46,29,47,53
31-07-2019,19:55:44,14,153,51
31-07-2019,19:56:46,14,151,49
31-07-2019,19:57:46,14,151,46
31-07-2019,19:58:49,29,48,44
31-07-2019,19:59:44,14,152,43
31-07-2019,20:00:51,29,48,43
31-07-2019,20:01:44,29,48,41
31-07-2019,20:02:56,29,47,42
31-07-2019,20:04:01,29,42,44
31-07-2019,20:04:49,29,47,43
01-08-2019,21:48:07,27,36,0
01-08-2019,21:48:17,27,36,16
01-08-2019,21:49:15,27,41,16
01-08-2019,21:50:15,27,36,16
01-08-2019,21:51:15,27,36,16
01-08-2019,21:52:15,27,36,16
